action,image_id,filename,left_elbow_angle,right_elbow_angle,left_knee_angle,right_knee_angle,left_shoulder_angle,right_shoulder_angle,hip_angle,risk_score,risk_level,risk_factors,left_elbow_angle_zscore,left_elbow_angle_extreme,left_elbow_angle_optimal,right_elbow_angle_zscore,right_elbow_angle_extreme,right_elbow_angle_optimal,left_knee_angle_zscore,left_knee_angle_extreme,left_knee_angle_optimal,right_knee_angle_zscore,right_knee_angle_extreme,right_knee_angle_optimal,left_shoulder_angle_zscore,left_shoulder_angle_extreme,left_shoulder_angle_optimal,right_shoulder_angle_zscore,right_shoulder_angle_extreme,right_shoulder_angle_optimal,hip_angle_zscore,hip_angle_extreme,elbow_knee_ratio,right_elbow_knee_ratio,elbow_symmetry,knee_symmetry,movement_quality
backhand,10001,B_001.jpeg,117.96,137.01,112.71,120.86,27.38,36.73,142.26,70,High,"Left elbow overly flexed (Angle dropped to 118° during contact, below the 140° comfort range. Sustained sh...); Right elbow overly flexed (Angle dropped to 137° during contact, below the 140° comfort range. Sustained sh...); Trunk leaning excessively (Torso lean measured at 142°, outside the 15°–65° tennis-specific range. Can shif...)",-0.4989828598462415,0,1,0.7010122799397182,0,0,-1.153694351532097,0,1,0.015665202725344055,0,1,-0.9698868355755912,1,0,-0.4017752377578279,0,1,-0.4099857976799804,0,1.0373757804942398,1.124322993599212,19.049999999999997,8.150000000000006,0.6666666666666666
backhand,10002,B_002.jpeg,136.77,179.34,122.68,79.38,31.95,71.59,140.87,65,Moderate,"Left elbow overly flexed (Angle dropped to 137° during contact, below the 140° comfort range. Sustained sh...); Right knee deep bend (Knee angle reached 79°, well below the 80° threshold. Deep flexion under load ca...); Trunk leaning excessively (Torso lean measured at 141°, outside the 15°–65° tennis-specific range. Can shif...)",-0.09411218974791938,0,0,1.6561192083463905,1,0,-0.7863191879307929,0,1,-1.0805330736325927,0,1,-0.8798701637121261,0,1,0.5684895931811083,0,1,-0.46580295141717903,0,1.1058376455368693,2.231152027867629,42.56999999999999,43.30000000000001,0.6666666666666666
backhand,10013,B_013.jpeg,129.46,176.69,98.68,130.3,16.88,14.54,174.68,40,Moderate,"Left elbow overly flexed (Angle dropped to 129° during contact, below the 140° comfort range. Sustained sh...); Trunk leaning excessively (Torso lean measured at 175°, outside the 15°–65° tennis-specific range. Can shif...)",-0.2514542736617276,0,1,1.5963263106313494,1,0,-1.6706726409329282,0,1,0.2651375201992817,0,1,-1.176708510535412,1,0,-1.0193936140783955,1,0,0.8918790398451989,1,1.2987560192616372,1.3456968773800455,47.22999999999999,31.620000000000005,0.5
backhand,10021,B_021.jpeg,105.85,157.62,113.65,105.71,1.46,10.09,119.53,40,Moderate,"Left elbow overly flexed (Angle dropped to 106° during contact, below the 140° comfort range. Sustained sh...); Trunk leaning excessively (Torso lean measured at 120°, outside the 15°–65° tennis-specific range. Can shif...)",-0.7596412232109772,0,1,1.1660430806593383,0,0,-1.1190571746228464,0,1,-0.3847061542375958,0,1,-1.4804409131906917,1,0,-1.1432512875631422,1,0,-1.3227368080731727,0,0.9232446576537287,1.4770874332302504,51.77000000000001,7.940000000000012,0.5
backhand,10026,B_026.jpeg,142.62,159.87,127.88,117.26,33.42,53.5,154.57,10,Low,"Trunk leaning excessively (Torso lean measured at 155°, outside the 15°–65° tennis-specific range. Can shif...)",0.03180452583289829,0,0,1.2168106353230523,0,0,-0.594709273113664,0,1,-0.0794725454638692,0,1,-0.8509151292177513,0,1,0.06498727557682381,0,1,0.0843373408127695,0,1.106610800744879,1.3518518518518519,17.25,10.61999999999999,0.6666666666666666
backhand,10038,B_038.jpeg,168.35,49.48,128.51,153.41,123.08,49.64,164.98,40,Moderate,"Right elbow overly flexed (Angle dropped to 49° during contact, below the 140° comfort range. Sustained sha...); Trunk leaning excessively (Torso lean measured at 165°, outside the 15°–65° tennis-specific range. Can shif...)",0.5856228321396403,1,0,-1.2739584132668962,0,1,-0.5714949949723581,0,1,0.8758690092694817,0,0,0.9151450019153468,0,1,-0.04244881872679904,0,1,0.5023636504561102,1,1.2998996216508378,0.32044556699695614,118.87,24.900000000000006,0.6666666666666666
backhand,10080,B_080.jpeg,172.81,59.1,165.34,168.1,96.84,53.44,168.46,40,Moderate,"Right elbow overly flexed (Angle dropped to 59° during contact, below the 140° comfort range. Sustained sha...); Trunk leaning excessively (Torso lean measured at 168°, outside the 15°–65° tennis-specific range. Can shif...)",0.6816208751294605,1,0,-1.0568989128824835,0,1,0.7856190747805024,1,0,1.264083876186022,1,0,0.3982877875395662,0,1,0.06331728447365861,0,1,0.64210731592766,1,1.0388962366237826,0.34949733885274986,113.71000000000001,2.759999999999991,0.5
backhand,10096,B_096.jpeg,168.84,71.99,160.81,168.72,91.63,55.28,165.54,40,Moderate,"Right elbow overly flexed (Angle dropped to 72° during contact, below the 140° comfort range. Sustained sha...); Trunk leaning excessively (Torso lean measured at 166°, outside the 15°–65° tennis-specific range. Can shif...)",0.5961697023335892,1,0,-0.7660572330534735,0,1,0.6186973605263494,1,0,1.2804687105963866,1,0,0.29566484215474065,0,1,0.11453034497072245,0,1,0.5248511368538308,1,1.0434460169334405,0.4241692198915861,96.85000000000001,7.909999999999997,0.5
backhand,10127,B_127.jpeg,159.91,119.96,178.64,167.74,106.11,71.66,153.36,40,Moderate,"Right elbow overly flexed (Angle dropped to 120° during contact, below the 140° comfort range. Sustained sh...); Trunk leaning excessively (Torso lean measured at 153°, outside the 15°–65° tennis-specific range. Can shif...)",0.40395837410509294,0,0,0.31630703237690805,0,1,1.2756982799858518,1,0,1.2545701013671011,1,0,0.5808817805755221,0,1,0.5704379161348007,0,1,0.03574830770340987,0,0.8901692273435761,0.7109162024416261,39.95,10.899999999999977,0.5
backhand,10148,B_148.jpeg,118.24,143.85,92.58,82.22,11.96,42.43,172.17,40,Moderate,"Left elbow overly flexed (Angle dropped to 118° during contact, below the 140° comfort range. Sustained sh...); Trunk leaning excessively (Torso lean measured at 172°, outside the 15°–65° tennis-specific range. Can shif...)",-0.49295607687827075,0,1,0.8553456461174087,0,0,-1.895445810237638,0,1,-1.0054799611722132,0,1,-1.2736192382308706,1,0,-0.24312608295714125,0,1,0.7910869133125578,1,1.2635178456935243,1.7285508291276135,25.61,10.36,0.6666666666666666
backhand,10161,B_161.jpeg,120.42,174.62,113.92,103.14,4.86,16.53,124.55,40,Moderate,"Left elbow overly flexed (Angle dropped to 120° during contact, below the 140° comfort range. Sustained sh...); Trunk leaning excessively (Torso lean measured at 125°, outside the 15°–65° tennis-specific range. Can shif...)",-0.4460332666276411,0,1,1.5496201603407327,1,0,-1.1091081982765725,0,1,-0.4526239355837841,0,1,-1.4134700851084638,1,0,-0.964005575823419,1,0,-1.1211525550078922,0,1.0478593804385659,1.6767812560015365,54.2,10.780000000000001,0.5
backhand,10206,B_206.jpeg,123.69,164.6,124.85,81.01,6.7,7.06,129.55,40,Moderate,"Left elbow overly flexed (Angle dropped to 124° during contact, below the 140° comfort range. Sustained sh...); Trunk leaning excessively (Torso lean measured at 130°, outside the 15°–65° tennis-specific range. Can shif...)",-0.37564905125169684,0,1,1.323535316904993,1,0,-0.7063588965551836,0,1,-1.0374568154246986,0,1,-1.3772270487345524,1,0,-1.2275858382729807,1,0,-0.9203714264568155,0,0.9828367103694875,2.0070723082550908,40.91,43.83999999999999,0.5
backhand,10207,B_207.jpeg,100.1,168.02,84.67,115.44,19.16,7.37,117.13,40,Moderate,"Left elbow overly flexed (Angle dropped to 100° during contact, below the 140° comfort range. Sustained sh...); Trunk leaning excessively (Torso lean measured at 117°, outside the 15°–65° tennis-specific range. Can shif...)",-0.8834055163032339,0,1,1.4007019999938386,1,0,-2.1869139691229247,0,1,-0.12756996260397171,0,1,-1.131798661115565,1,0,-1.2189575509066277,1,0,-1.4191117497776895,0,1.1684370257966614,1.4429749227069737,67.92000000000002,30.769999999999996,0.5
backhand,10208,B_208.jpeg,100.45,158.31,132.77,105.08,23.8,7.13,130.13,40,Moderate,"Left elbow overly flexed (Angle dropped to 100° during contact, below the 140° comfort range. Sustained sh...); Trunk leaning excessively (Torso lean measured at 130°, outside the 15°–65° tennis-specific range. Can shif...)",-0.8758720375932704,0,1,1.1816117974228773,0,0,-0.41452225706447837,0,1,-0.40135526017070805,0,1,-1.0404031780857015,1,0,-1.225637515319288,1,0,-0.8970808155448913,0,0.7509157509157509,1.4923642533936652,57.86,27.690000000000012,0.5
backhand,10214,B_214.jpeg,157.07,155.13,138.49,127.14,32.92,44.02,175.38,10,Low,"Trunk leaning excessively (Torso lean measured at 175°, outside the 15°–65° tennis-specific range. Can shif...)",0.3428295754299608,0,0,1.109860320164828,0,0,-0.20375135076563616,0,1,0.1816277190109719,0,1,-0.8607637804063142,0,1,-0.1988713187232654,0,1,0.9199883978423491,1,1.1260305398236432,1.2106289995317623,1.9399999999999977,11.350000000000009,0.6666666666666666
backhand,10215,B_215.jpeg,135.0,172.16,119.51,120.94,26.24,60.38,148.78,40,Moderate,"Left elbow overly flexed (Angle dropped to 135° during contact, below the 140° comfort range. Sustained sh...); Trunk leaning excessively (Torso lean measured at 149°, outside the 15°–65° tennis-specific range. Can shif...)",-0.13221006779544908,0,1,1.4941143005750719,1,0,-0.9031275398481583,0,1,0.01777937490732653,0,1,-0.9923417602855146,1,0,0.2564795887397579,0,1,-0.1481672060493765,0,1.1202389843166543,1.4118418894538298,37.16,1.4299999999999926,0.6666666666666666
backhand,10248,B_248.jpeg,159.27,155.03,97.03,124.74,4.51,24.22,169.25,10,Low,"Trunk leaning excessively (Torso lean measured at 169°, outside the 15°–65° tennis-specific range. Can shif...)",0.3901828701783029,0,0,1.1076039844019965,0,0,-1.731471940826825,0,1,0.11820255355149616,0,1,-1.4203641409404577,1,0,-0.7499683827677558,1,0,0.6738307342387297,1,1.6247067224319087,1.232940989343089,4.240000000000009,27.709999999999994,0.3333333333333333
backhand,10328,B_328.jpeg,132.77,73.2,167.44,175.93,92.47,42.12,134.27,70,High,"Left elbow overly flexed (Angle dropped to 133° during contact, below the 140° comfort range. Sustained sh...); Right elbow overly flexed (Angle dropped to 73° during contact, below the 140° comfort range. Sustained sha...); Trunk leaning excessively (Torso lean measured at 134°, outside the 15°–65° tennis-specific range. Can shif...)",-0.1802090892903589,0,1,-0.7387555703232094,0,1,0.863000001918189,1,0,1.4710084784975614,1,0,0.3122105761515264,0,1,-0.25175437032349446,0,1,-0.7308340411045995,0,0.788233198765139,0.41372294127621095,59.57000000000001,8.490000000000009,0.6666666666666666
backhand,10330,B_330.jpeg,161.05,58.63,141.26,147.23,111.44,13.02,116.82,40,Moderate,"Right elbow overly flexed (Angle dropped to 59° during contact, below the 140° comfort range. Sustained sha...); Trunk leaning excessively (Torso lean measured at 117°, outside the 15°–65° tennis-specific range. Can shif...)",0.4284959904746885,1,0,-1.0675036909677926,0,1,-0.10168222306497374,0,1,0.7125492082113319,0,1,0.6858684022456025,0,1,-1.0617000553585785,1,0,-1.4315601797478563,0,1.13208210319134,0.3955339674829657,102.42000000000002,5.969999999999999,0.6666666666666666
backhand,10335,B_335.jpeg,155.93,68.6,171.13,163.12,95.52,43.94,164.99,40,Moderate,"Right elbow overly flexed (Angle dropped to 69° during contact, below the 140° comfort range. Sustained sha...); Trunk leaning excessively (Torso lean measured at 165°, outside the 15°–65° tennis-specific range. Can shif...)",0.31829195906036584,0,0,-0.8425470154134692,0,1,0.9989693453172673,1,0,1.1324766578576104,1,0,0.37228734840176,0,1,-0.20109797352748573,0,1,0.5027652127132131,1,0.90588508685296,0.417986838898367,87.33000000000001,8.009999999999991,0.5
backhand,10341,B_341.jpeg,108.24,135.64,159.59,135.29,18.79,38.39,156.9,70,High,"Left elbow overly flexed (Angle dropped to 108° during contact, below the 140° comfort range. Sustained sh...); Right elbow overly flexed (Angle dropped to 136° during contact, below the 140° comfort range. Sustained sh...); Trunk leaning excessively (Torso lean measured at 157°, outside the 15°–65° tennis-specific range. Can shif...)",-0.7081983257343696,0,1,0.6701004799889234,0,0,0.5737427266654076,0,0,0.3970090100504409,0,1,-1.1390866629951015,1,0,-0.3555721505702594,0,1,0.17790134671757155,0,0.6740145712684475,0.9952307579426223,27.39999999999999,24.30000000000001,0.5
backhand,10359,B_359.jpeg,177.18,64.06,107.96,163.04,96.18,47.81,173.08,40,Moderate,"Right elbow overly flexed (Angle dropped to 64° during contact, below the 140° comfort range. Sustained sha...); Trunk leaning excessively (Torso lean measured at 173°, outside the 15°–65° tennis-specific range. Can shif...)",0.7756817378795757,1,0,-0.9449846590460296,0,1,-1.3287226391054363,0,1,1.1303624856756276,1,0,0.3852875679706632,0,1,-0.09338354737333522,0,1,0.8276290787088547,1,1.6261013215859033,0.3905145086564253,113.12,55.08,0.6666666666666666
backhand,10373,B_373.jpeg,145.81,152.51,126.12,118.1,37.32,54.14,167.24,10,Low,"Trunk leaning excessively (Torso lean measured at 167°, outside the 15°–65° tennis-specific range. Can shif...)",0.10046680321799376,0,0,1.0507443231786366,0,0,-0.6595618596671535,0,1,-0.05727373755305302,0,1,-0.7740956499469608,0,1,0.08280051401058512,0,1,0.5931167205611975,1,1.1470264317180616,1.2805205709487826,6.699999999999989,8.02000000000001,0.6666666666666666
backhand,10374,B_374.jpeg,133.28,162.43,131.02,95.12,38.57,66.07,163.75,40,Moderate,"Left elbow overly flexed (Angle dropped to 133° during contact, below the 140° comfort range. Sustained sh...); Trunk leaning excessively (Torso lean measured at 164°, outside the 15°–65° tennis-specific range. Can shif...)",-0.16923173459869806,0,1,1.2745728308515447,1,0,-0.47900636301255073,0,1,-0.6645696968275316,0,1,-0.7494740219755535,0,1,0.4148504116899167,0,1,0.45297149283254584,1,1.009544008483563,1.68986683312526,29.150000000000006,35.900000000000006,0.8333333333333334
backhand,10375,B_375.jpeg,138.22,147.66,117.92,95.08,48.94,62.09,140.43,40,Moderate,"Left elbow overly flexed (Angle dropped to 138° during contact, below the 140° comfort range. Sustained sh...); Trunk leaning excessively (Torso lean measured at 140°, outside the 15°–65° tennis-specific range. Can shif...)",-0.0629020636637853,0,0,0.9413120386812978,0,0,-0.9617159561095499,0,1,-0.6656267829185231,0,1,-0.5452129963247592,0,1,0.3040743351799639,0,1,-0.48347169072967366,0,1.1622939791456441,1.5368442964196503,9.439999999999998,22.840000000000003,0.6666666666666666
backhand,10396,B_396.jpeg,145.01,150.26,114.41,102.59,25.26,45.45,151.04,10,Low,"Trunk leaning excessively (Torso lean measured at 151°, outside the 15°–65° tennis-specific range. Can shif...)",0.0832474233095056,0,0,0.9999767685149227,0,0,-1.0910526486111123,0,1,-0.46715886933491385,0,1,-1.0116451166150977,1,0,-0.15906986409783,0,1,-0.057414135944290394,0,1.2564769084134824,1.4505261125591271,5.25,11.819999999999993,0.5
backhand,10424,B_424.jpeg,135.93,149.89,123.89,109.63,30.23,50.78,158.68,40,Moderate,"Left elbow overly flexed (Angle dropped to 136° during contact, below the 140° comfort range. Sustained sh...); Trunk leaning excessively (Torso lean measured at 159°, outside the 15°–65° tennis-specific range. Can shif...)",-0.11219253865183175,0,0,0.9916283261924451,0,0,-0.7417330346752687,0,1,-0.2811117173204523,0,1,-0.9137495238007824,0,1,-0.010718987766661704,0,1,0.24937942848175476,0,1.0883977900552486,1.354876615746181,13.95999999999998,14.260000000000005,0.6666666666666666
backhand,10467,B_467.jpeg,123.71,137.68,127.77,126.74,15.39,36.18,169.17,70,High,"Left elbow overly flexed (Angle dropped to 124° during contact, below the 140° comfort range. Sustained sh...); Right elbow overly flexed (Angle dropped to 138° during contact, below the 140° comfort range. Sustained sh...); Trunk leaning excessively (Torso lean measured at 169°, outside the 15°–65° tennis-specific range. Can shif...)",-0.37521856675398474,0,1,0.7161297295506912,0,0,-0.5987625597732571,0,1,0.17105685810105914,0,1,-1.2060574910773292,1,0,-0.4170834895368415,0,1,0.670618236181912,1,0.960705133183195,1.0778143103178333,13.970000000000013,1.0300000000000011,0.6666666666666666
backhand,10477,B_477.jpeg,137.64,142.7,122.22,80.78,40.16,51.93,131.17,40,Moderate,"Left elbow overly flexed (Angle dropped to 138° during contact, below the 140° comfort range. Sustained sh...); Trunk leaning excessively (Torso lean measured at 131°, outside the 15°–65° tennis-specific range. Can shif...)",-0.0753861140974393,0,0,0.8293977848448437,0,0,-0.8032692957800007,0,1,-1.0435350604478983,0,1,-0.7181553111959236,0,1,0.021289175044003097,0,1,-0.8553183408062677,0,1.117026456744035,1.7449254096356075,5.060000000000002,41.44,0.6666666666666666
backhand,10499,B_499.jpeg,149.48,146.27,145.39,127.94,17.73,38.55,156.76,10,Low,"Trunk leaning excessively (Torso lean measured at 157°, outside the 15°–65° tennis-specific range. Can shif...)",0.17946070854818175,0,0,0.909948971577937,0,0,0.05050026697247688,0,1,0.20276944083079704,0,1,-1.1599658035148548,1,0,-0.3511188409618192,0,1,0.17227947511814082,0,1.0211079991802718,1.1344035985729797,3.2099999999999795,17.44999999999999,0.5
forehand,10506,F_006.jpeg,155.55,39.6,110.57,116.64,95.04,43.16,125.2,40,Moderate,"Right elbow overly flexed (Angle dropped to 40° during contact, below the 140° comfort range. Sustained sha...); Trunk leaning excessively (Torso lean measured at 125°, outside the 15°–65° tennis-specific range. Can shif...)",0.31011275360383417,0,0,-1.4968843866346713,0,0,-1.232549201091454,0,1,-0.09585737987423384,0,1,0.36283264326073983,0,1,-0.22280785786863233,0,1,-1.0950510082962521,0,1.3941919870933048,0.33662019721183273,115.95000000000002,6.070000000000007,0.6666666666666666
forehand,10513,F_013.jpeg,158.86,99.02,102.42,98.49,116.21,72.25,98.71,40,Moderate,"Right elbow overly flexed (Angle dropped to 99° during contact, below the 140° comfort range. Sustained sha...); Trunk leaning excessively (Torso lean measured at 99°, outside the 15°–65° tennis-specific range. Can shift...)",0.3813579379752029,0,0,-0.15616967636005646,0,1,-1.5328608945067623,0,1,-0.5755101936615182,0,1,0.7798245345844925,0,1,0.5868594953159245,0,1,-2.1587894273598547,0,1.5360665248501257,0.9952759071263444,59.84000000000002,3.930000000000007,0.8333333333333334
forehand,10518,F_018.jpeg,27.24,125.04,164.83,177.68,34.97,23.26,141.53,70,High,"Left elbow overly flexed (Angle dropped to 27° during contact, below the 140° comfort range. Sustained sha...); Right elbow overly flexed (Angle dropped to 125° during contact, below the 140° comfort range. Sustained sh...); Trunk leaning excessively (Torso lean measured at 142°, outside the 15°–65° tennis-specific range. Can shif...)",-2.4516605414687698,1,0,0.4309288891287603,0,1,0.7668265639042074,1,0,1.517255994978429,1,0,-0.8203843105332064,0,1,-0.7766882404183977,1,0,-0.4392998424484371,0,0.16426460833383583,0.699798522498321,97.80000000000001,12.849999999999994,0.3333333333333333
forehand,10519,F_019.jpeg,23.47,158.04,148.03,166.28,29.17,114.2,149.07,40,Moderate,"Left elbow overly flexed (Angle dropped to 23° during contact, below the 140° comfort range. Sustained sha...); Trunk leaning excessively (Torso lean measured at 149°, outside the 15°–65° tennis-specific range. Can shif...)",-2.5328068692875187,1,0,1.1755196908632313,0,0,0.1477791468027123,0,1,1.2159864590459197,1,0,-0.9346286643205359,1,0,1.7544616082788724,0,1,-0.1365219005934144,0,0.15748507012011004,0.9447632711621233,134.57,18.25,0.3333333333333333
forehand,10522,F_022.jpeg,140.43,90.73,131.71,139.75,95.39,58.67,124.25,40,Moderate,"Right elbow overly flexed (Angle dropped to 91° during contact, below the 140° comfort range. Sustained sha...); Trunk leaning excessively (Torso lean measured at 124°, outside the 15°–65° tennis-specific range. Can shif...)",-0.015333526666587294,0,0,-0.3432199110988068,0,1,-0.45358120123873946,0,1,0.5148741091959667,0,1,0.3697266990927337,0,1,0.20888484229955187,0,1,-1.1331994227209568,0,1.0581719538844097,0.6446181172291297,49.7,8.039999999999992,0.8333333333333334
forehand,10523,F_023.jpeg,146.78,98.99,119.14,98.36,100.36,66.58,93.2,40,Moderate,"Right elbow overly flexed (Angle dropped to 99° during contact, below the 140° comfort range. Sustained sha...); Trunk leaning excessively (Torso lean measured at 93°, outside the 15°–65° tennis-specific range. Can shift...)",0.1213453013570353,0,0,-0.156846577088906,0,1,-0.9167613222486081,0,1,-0.5789457234572397,0,1,0.46762229190704885,0,1,0.4290453360668204,0,1,-2.3800502310231404,0,1.2217413018145498,0.9962761674718196,47.790000000000006,20.78,0.8333333333333334
forehand,10524,F_024.jpeg,156.82,87.94,77.34,80.48,104.11,55.63,88.41,65,Moderate,"Right elbow overly flexed (Angle dropped to 88° during contact, below the 140° comfort range. Sustained sha...); Left knee deep bend (Knee angle reached 77°, well below the 80° threshold. Deep flexion under load ca...); Trunk leaning excessively (Torso lean measured at 88°, outside the 15°–65° tennis-specific range. Can shift...)",0.33744851920855834,0,0,-0.40617167888181227,0,1,-2.4570102528939937,0,1,-1.0514632061303328,0,1,0.5414871758212706,0,1,0.12427195973918571,0,1,-2.5723985521750716,0,2.001787081950472,1.0792832596956308,68.88,3.1400000000000006,0.8333333333333334
forehand,10529,F_029.jpeg,35.62,79.18,165.75,160.68,67.38,48.86,145.18,70,High,"Left elbow overly flexed (Angle dropped to 36° during contact, below the 140° comfort range. Sustained sha...); Right elbow overly flexed (Angle dropped to 79° during contact, below the 140° comfort range. Sustained sha...); Trunk leaning excessively (Torso lean measured at 145°, outside the 15°–65° tennis-specific range. Can shif...)",-2.2712875369273586,0,0,-0.6038266917058718,0,1,0.8007267796026222,1,0,1.0679944063071436,1,0,-0.18199474049055966,0,1,-0.06415870306794566,0,1,-0.2927296186061512,0,0.21361319340329835,0.48973280554181103,43.56000000000001,5.069999999999993,0.5
forehand,10530,F_030.jpeg,67.78,116.68,174.05,178.76,7.58,142.58,146.73,70,High,"Left elbow overly flexed (Angle dropped to 68° during contact, below the 140° comfort range. Sustained sha...); Right elbow overly flexed (Angle dropped to 117° during contact, below the 140° comfort range. Sustained sh...); Trunk leaning excessively (Torso lean measured at 147°, outside the 15°–65° tennis-specific range. Can shif...)",-1.579068464606145,0,1,0.24229921935602755,0,1,1.1065656820991943,1,0,1.5457973194351926,1,0,-1.3598934226426818,1,0,2.5443674000759757,0,1,-0.23048746875531823,0,0.38720365609825763,0.6490876724521585,48.900000000000006,4.7099999999999795,0.5
forehand,10537,F_037.jpeg,39.21,142.35,142.13,132.27,37.5,36.21,128.53,40,Moderate,"Left elbow overly flexed (Angle dropped to 39° during contact, below the 140° comfort range. Sustained sha...); Trunk leaning excessively (Torso lean measured at 129°, outside the 15°–65° tennis-specific range. Can shif...)",-2.1940155695880192,0,0,0.8215006096749328,0,0,-0.06962441039364616,0,1,0.31719901018060126,0,1,-0.7705501355190781,0,1,-0.41624849398525887,0,1,-0.9613307766812355,0,0.27394676168518134,1.0681323628723642,103.13999999999999,9.859999999999985,0.6666666666666666
forehand,10545,F_045.jpeg,38.22,51.77,145.58,178.98,62.57,71.03,162.37,70,High,"Left elbow overly flexed (Angle dropped to 38° during contact, below the 140° comfort range. Sustained sha...); Right elbow overly flexed (Angle dropped to 52° during contact, below the 140° comfort range. Sustained sha...); Trunk leaning excessively (Torso lean measured at 162°, outside the 15°–65° tennis-specific range. Can shif...)",-2.2153245522247733,0,0,-1.2222883242980493,0,1,0.057501398475411414,0,1,1.5516112929356445,1,0,-0.27673876492453464,0,1,0.552903009551567,0,1,0.39755590135244895,1,0.2607449856733524,0.28764307145238366,13.550000000000004,33.39999999999998,0.6666666666666666
forehand,10546,F_046.jpeg,60.95,128.74,154.67,177.5,9.81,167.43,162.92,90,High,"Left elbow overly flexed (Angle dropped to 61° during contact, below the 140° comfort range. Sustained sha...); Right elbow overly flexed (Angle dropped to 129° during contact, below the 140° comfort range. Sustained sh...); Right shoulder in vulnerable position (Shoulder angle measured at 167°, exceeding the 160° safe limit. Overhead positio...); Trunk leaning excessively (Torso lean measured at 163°, outside the 15°–65° tennis-specific range. Can shif...)",-1.7260789205748606,0,1,0.5144133123535344,0,1,0.39245026879996925,0,0,1.5124991075689682,1,0,-1.3159684383416912,1,0,3.2360220486368636,1,0,0.41964182549306667,1,0.39153337187640525,0.7212324929971989,67.79,22.830000000000013,0.3333333333333333
forehand,10547,F_047.jpeg,143.71,99.1,91.48,145.31,78.52,56.05,94.59,40,Moderate,"Right elbow overly flexed (Angle dropped to 99° during contact, below the 140° comfort range. Sustained sha...); Trunk leaning excessively (Torso lean measured at 95°, outside the 15°–65° tennis-specific range. Can shift...)",0.05526593095821313,0,0,-0.1543646077497911,0,1,-1.935978676833569,0,1,0.6618090758437518,0,1,0.03743320799062161,0,1,0.1359618974613414,0,1,-2.324233077285941,0,1.5539576124567474,0.677328959059531,44.610000000000014,53.83,0.8333333333333334
forehand,10552,F_052.jpeg,18.99,119.29,171.47,170.37,59.41,42.1,154.29,70,High,"Left elbow overly flexed (Angle dropped to 19° during contact, below the 140° comfort range. Sustained sha...); Right elbow overly flexed (Angle dropped to 119° during contact, below the 140° comfort range. Sustained sh...); Trunk leaning excessively (Torso lean measured at 154°, outside the 15°–65° tennis-specific range. Can shif...)",-2.629235396775051,1,0,0.3011895827659357,0,1,1.0114976859014644,1,0,1.3240735118497762,1,0,-0.3389822404362522,0,1,-0.25231103402454935,0,1,0.07309359761390918,0,0.11010610540963645,0.6960961661901149,100.30000000000001,1.0999999999999943,0.5
forehand,10554,F_054.jpeg,23.13,167.64,132.92,168.61,15.67,89.22,142.36,40,Moderate,"Left elbow overly flexed (Angle dropped to 23° during contact, below the 140° comfort range. Sustained sha...); Trunk leaning excessively (Torso lean measured at 142°, outside the 15°–65° tennis-specific range. Can shif...)",-2.5401251057486265,1,0,1.3921279240950775,1,0,-0.4089950479832159,0,1,1.277561723846161,1,0,-1.200542246411734,1,0,1.0591886456611266,0,1,-0.40597017510895794,0,0.17271505376344087,0.9883851188019572,144.51,35.690000000000026,0.3333333333333333
forehand,10556,F_056.jpeg,138.73,89.74,87.92,92.96,74.4,43.95,90.41,70,High,"Left elbow overly flexed (Angle dropped to 139° during contact, below the 140° comfort range. Sustained sh...); Right elbow overly flexed (Angle dropped to 90° during contact, below the 140° comfort range. Sustained sha...); Trunk leaning excessively (Torso lean measured at 90°, outside the 15°–65° tennis-specific range. Can shift...)",-0.05192470897212446,0,0,-0.36555763515084116,0,1,-2.067157772362219,0,1,-0.72165234574106,0,1,-0.043719677803136445,0,1,-0.20081964167695807,0,1,-2.492086100754641,0,1.5601664417453889,0.9550872711792252,48.989999999999995,5.039999999999992,0.8333333333333334
forehand,10564,F_064.jpeg,62.17,141.81,121.57,152.86,14.55,89.73,143.39,40,Moderate,"Left elbow overly flexed (Angle dropped to 62° during contact, below the 140° comfort range. Sustained sha...); Trunk leaning excessively (Torso lean measured at 143°, outside the 15°–65° tennis-specific range. Can shif...)",-1.6998193662144165,0,1,0.8093163965556416,0,0,-0.8272205351321421,0,1,0.8613340755183524,0,0,-1.222603225074115,1,0,1.07338357003803,0,1,-0.3646092626274373,0,0.5072203638737048,0.9216820486156245,79.64,31.29000000000002,0.5
forehand,10579,F_079.jpeg,17.1,133.03,158.08,116.48,56.17,14.93,116.46,70,High,"Left elbow overly flexed (Angle dropped to 17° during contact, below the 140° comfort range. Sustained sha...); Right elbow overly flexed (Angle dropped to 133° during contact, below the 140° comfort range. Sustained sh...); Trunk leaning excessively (Torso lean measured at 116°, outside the 15°–65° tennis-specific range. Can shif...)",-2.669916181808854,1,0,0.6112101165790155,0,1,0.5181021552473569,0,0,-0.1000857242381988,0,1,-0.40280150013813965,0,1,-1.0085386719078222,1,0,-1.4460164210035338,0,0.10749308524013075,1.1323629553966632,115.93,41.60000000000001,0.5
forehand,10580,F_080.jpeg,48.64,100.19,161.05,173.93,59.68,122.99,152.31,70,High,"Left elbow overly flexed (Angle dropped to 49° during contact, below the 140° comfort range. Sustained sha...); Right elbow overly flexed (Angle dropped to 100° during contact, below the 140° comfort range. Sustained sh...); Trunk leaning excessively (Torso lean measured at 152°, outside the 15°–65° tennis-specific range. Can shif...)",-1.9910421289167182,0,1,-0.12977054793492515,0,1,0.6275408950563711,1,0,1.4181541739479984,1,0,-0.33366396879442817,0,1,1.9991153048925625,0,1,-0.006415729292316605,0,0.3001542733724159,0.5727433830675127,51.55,12.879999999999995,0.6666666666666666
forehand,10581,F_081.jpeg,71.82,153.3,165.14,173.19,22.22,179.43,150.03,60,Moderate,"Left elbow overly flexed (Angle dropped to 72° during contact, below the 140° comfort range. Sustained sha...); Right shoulder in vulnerable position (Shoulder angle measured at 179°, exceeding the 160° safe limit. Overhead positio...); Trunk leaning excessively (Torso lean measured at 150°, outside the 15°–65° tennis-specific range. Can shif...)",-1.4921105960682814,0,1,1.0685693757050077,0,0,0.7782494626721507,1,0,1.39859808126466,1,0,-1.07152491584156,1,0,3.570020269269888,1,0,-0.09797192391160743,0,0.4322860238353196,0.8800734829783571,81.48000000000002,8.050000000000011,0.16666666666666666
forehand,10588,F_088.jpeg,50.19,166.43,127.68,146.23,26.91,122.69,173.91,40,Moderate,"Left elbow overly flexed (Angle dropped to 50° during contact, below the 140° comfort range. Sustained sha...); Trunk leaning excessively (Torso lean measured at 174°, outside the 15°–65° tennis-specific range. Can shif...)",-1.957679580344023,0,1,1.3648262613648139,1,0,-0.6020788852220147,0,1,0.6861220559365504,0,1,-0.9791445676928403,1,0,1.9907653493767372,0,1,0.8609587460483327,1,0.3900373018340068,1.1304082048495552,116.24000000000001,18.549999999999983,0.6666666666666666
forehand,10591,F_091.jpeg,138.5,105.49,105.47,101.96,95.53,79.7,105.82,70,High,"Left elbow overly flexed (Angle dropped to 139° during contact, below the 140° comfort range. Sustained sh...); Right elbow overly flexed (Angle dropped to 105° during contact, below the 140° comfort range. Sustained sh...); Trunk leaning excessively (Torso lean measured at 106°, outside the 15°–65° tennis-specific range. Can shif...)",-0.05687528069581451,0,0,-0.010184752504843455,0,1,-1.4204743098544077,0,1,-0.48380797526802644,0,1,0.37248432142553134,0,1,0.7942167239589272,0,1,-1.8732786625602242,0,1.3008359162205316,1.0245726495726495,33.010000000000005,3.510000000000005,0.8333333333333334
forehand,10592,F_092.jpeg,156.84,115.97,101.75,115.75,123.7,86.46,130.58,40,Moderate,"Right elbow overly flexed (Angle dropped to 116° during contact, below the 140° comfort range. Sustained sh...); Trunk leaning excessively (Torso lean measured at 131°, outside the 15°–65° tennis-specific range. Can shif...)",0.3378790037062707,0,0,0.2262792354399221,0,1,-1.5575490950697386,0,1,-0.11937754539878939,0,1,0.9273573293891648,0,1,0.9823690549155307,0,1,-0.8790105139752937,0,1.5264233576642336,0.9933190578158458,40.870000000000005,14.0,0.8333333333333334
forehand,10596,F_096.jpeg,56.77,129.4,144.66,162.22,43.77,27.51,124.31,70,High,"Left elbow overly flexed (Angle dropped to 57° during contact, below the 140° comfort range. Sustained sha...); Right elbow overly flexed (Angle dropped to 129° during contact, below the 140° comfort range. Sustained sh...); Trunk leaning excessively (Torso lean measured at 124°, outside the 15°–65° tennis-specific range. Can shif...)",-1.8160501805967098,0,1,0.5293051283882237,0,1,0.023601182776995643,0,1,1.108692220810307,1,0,-0.6470480496144994,0,1,-0.6583972039442015,1,0,-1.1307900491783438,0,0.3897432376767816,0.79279500061267,72.63,17.560000000000002,0.6666666666666666
forehand,10600,F_100.jpeg,152.42,106.01,126.79,110.6,107.32,59.39,94.07,40,Moderate,"Right elbow overly flexed (Angle dropped to 106° during contact, below the 140° comfort range. Sustained sh...); Trunk leaning excessively (Torso lean measured at 94°, outside the 15°–65° tennis-specific range. Can shift...)",0.24274192971187472,0,0,0.0015481934618817785,0,1,-0.6348736591041773,0,1,-0.25547737961391426,0,1,0.6047155164518442,0,1,0.2289247355375333,0,1,-2.3451143146552536,0,1.192738085922216,0.949910394265233,46.40999999999998,16.190000000000012,0.8333333333333334
forehand,10608,F_108.jpeg,144.2,94.52,98.14,157.71,94.3,53.82,107.9,40,Moderate,"Right elbow overly flexed (Angle dropped to 95° during contact, below the 140° comfort range. Sustained sha...); Trunk leaning excessively (Torso lean measured at 108°, outside the 15°–65° tennis-specific range. Can shif...)",0.06581280115216155,0,0,-0.2577047856874844,0,1,-1.6905705936254765,0,1,0.9895057640510425,0,0,0.3482566395016666,0,1,0.07389389479370446,0,1,-1.789753713082976,0,1.4545087754690336,0.5955516350576523,49.67999999999999,59.57000000000001,0.6666666666666666
forehand,10616,F_116.jpeg,30.39,114.2,170.13,160.88,79.9,34.46,151.71,70,High,"Left elbow overly flexed (Angle dropped to 30° during contact, below the 140° comfort range. Sustained sha...); Right elbow overly flexed (Angle dropped to 114° during contact, below the 140° comfort range. Sustained sh...); Trunk leaning excessively (Torso lean measured at 152°, outside the 15°–65° tennis-specific range. Can shif...)",-2.3838592330790984,0,0,0.18634209243780053,0,1,0.9621212847755116,1,0,1.0732798367620995,1,0,0.06461548527105539,0,1,-0.46495656782757494,0,1,-0.03050946471844553,0,0.17758429264301995,0.705460835186558,83.81,9.25,0.5
forehand,10625,F_125.jpeg,34.39,99.81,148.45,176.38,47.93,48.23,163.31,70,High,"Left elbow overly flexed (Angle dropped to 34° during contact, below the 140° comfort range. Sustained sha...); Right elbow overly flexed (Angle dropped to 100° during contact, below the 140° comfort range. Sustained sh...); Trunk leaning excessively (Torso lean measured at 163°, outside the 15°–65° tennis-specific range. Can shif...)",-2.297762333536659,0,0,-0.13834462383368565,0,1,0.1632553322302492,0,1,1.4829006970212129,1,0,-0.5651072717256561,0,1,-0.08169360965117951,0,1,0.4353027535200512,1,0.2301104048176648,0.562690269477957,65.42,27.930000000000007,0.6666666666666666
forehand,10626,F_126.jpeg,29.85,147.36,118.98,170.71,30.77,130.13,169.28,40,Moderate,"Left elbow overly flexed (Angle dropped to 30° during contact, below the 140° comfort range. Sustained sha...); Trunk leaning excessively (Torso lean measured at 169°, outside the 15°–65° tennis-specific range. Can shif...)",-2.395482314517328,1,0,0.9345430313928029,0,0,-0.9226570119352888,0,1,1.333058743623202,1,0,-0.9031129805171347,0,1,2.1978442461692125,0,1,0.6750354210100362,1,0.24879146524420737,0.8581911362180421,117.51000000000002,51.730000000000004,0.5
forehand,10634,F_134.jpeg,32.59,109.47,170.13,174.23,56.79,115.64,154.85,70,High,"Left elbow overly flexed (Angle dropped to 33° during contact, below the 140° comfort range. Sustained sha...); Right elbow overly flexed (Angle dropped to 109° during contact, below the 140° comfort range. Sustained sh...); Trunk leaning excessively (Torso lean measured at 155°, outside the 15°–65° tennis-specific range. Can shif...)",-2.3365059383307565,0,0,0.07961741085585955,0,1,0.9621212847755116,1,0,1.4260823196304324,1,0,-0.3905891726643217,0,1,1.7945413947548352,0,1,0.09558108401162982,0,0.19044001636183022,0.6247217942133196,76.88,4.099999999999994,0.5
forehand,10635,F_135.jpeg,52.37,114.08,159.98,172.88,26.38,139.3,161.02,70,High,"Left elbow overly flexed (Angle dropped to 52° during contact, below the 140° comfort range. Sustained sha...); Right elbow overly flexed (Angle dropped to 114° during contact, below the 140° comfort range. Sustained sh...); Trunk leaning excessively (Torso lean measured at 161°, outside the 15°–65° tennis-specific range. Can shif...)",-1.9107567700933932,0,1,0.18363448952240236,0,1,0.5881134702766917,0,0,1.3904056640594775,1,0,-0.9895841379527169,1,0,2.4530745531029488,0,1,0.3433449966436586,1,0.3253199155174556,0.656084656084656,61.71,12.900000000000006,0.5
forehand,10636,F_136.jpeg,79.51,108.83,157.27,177.61,16.51,113.59,143.06,70,High,"Left elbow overly flexed (Angle dropped to 80° during contact, below the 140° comfort range. Sustained sha...); Right elbow overly flexed (Angle dropped to 109° during contact, below the 140° comfort range. Sustained sh...); Trunk leaning excessively (Torso lean measured at 143°, outside the 15°–65° tennis-specific range. Can shif...)",-1.326589306697941,0,1,0.06517686197373646,0,1,0.48825522620853473,0,0,1.5154060943191945,1,0,-1.1839965124149483,1,0,1.7374833653966937,0,1,-0.37786081711180775,0,0.5023693688001516,0.6093163876602653,29.319999999999993,20.340000000000003,0.5
forehand,10644,F_144.jpeg,32.66,104.02,179.44,167.91,50.87,35.21,146.19,70,High,"Left elbow overly flexed (Angle dropped to 33° during contact, below the 140° comfort range. Sustained sha...); Right elbow overly flexed (Angle dropped to 104° during contact, below the 140° comfort range. Sustained sh...); Trunk leaning excessively (Torso lean measured at 146°, outside the 15°–65° tennis-specific range. Can shif...)",-2.334999242588764,0,0,-0.04335288821846988,0,1,1.3051767284192568,1,0,1.2590627172538136,1,0,-0.5071972027369064,0,1,-0.4440816790380109,0,1,-0.25217183063883414,0,0.18100199512303258,0.615830915872358,71.36,11.530000000000001,0.5
forehand,10659,F_159.jpeg,164.19,102.08,137.2,122.36,113.32,70.39,97.54,40,Moderate,"Right elbow overly flexed (Angle dropped to 102° during contact, below the 140° comfort range. Sustained sh...); Trunk leaning excessively (Torso lean measured at 98°, outside the 15°–65° tennis-specific range. Can shift...)",0.49608205661550325,1,0,-0.08712580201740543,0,1,-0.2512853488645017,0,1,0.055305931137516307,0,1,0.722899330714599,0,1,0.5350897711178056,0,1,-2.205772211440806,0,1.1880607814761217,0.8274967574578469,62.11,14.83999999999999,0.8333333333333334
forehand,10668,F_168.jpeg,21.7,92.8,162.29,170.83,44.72,73.1,178.55,70,High,"Left elbow overly flexed (Angle dropped to 22° during contact, below the 140° comfort range. Sustained sha...); Right elbow overly flexed (Angle dropped to 93° during contact, below the 140° comfort range. Sustained sha...); Trunk leaning excessively (Torso lean measured at 179°, outside the 15°–65° tennis-specific range. Can shif...)",-2.570904747335048,1,0,-0.29651376080819014,0,1,0.6732324901281473,1,0,1.336230001896176,1,0,-0.6283356123562299,0,1,0.6105177026107635,0,1,1.047283633343732,1,0.1328924000244963,0.5400686725251702,71.1,8.54000000000002,0.5
forehand,10669,F_169.jpeg,23.92,170.13,154.98,176.7,24.48,114.38,179.97,40,Moderate,"Left elbow overly flexed (Angle dropped to 24° during contact, below the 140° comfort range. Sustained sha...); Trunk leaning excessively (Torso lean measured at 180°, outside the 15°–65° tennis-specific range. Can shif...)",-2.5231209680889943,1,0,1.4483106845895877,1,0,0.4038731675679136,0,0,1.4913573857491427,1,0,-1.0270090124692557,1,0,1.7594715815883677,0,1,1.1043054738522373,1,0.15335299397358637,0.9574001125492403,146.20999999999998,21.72,0.16666666666666666
forehand,10697,F_197.jpeg,35.05,145.23,132.22,176.89,32.09,112.43,163.26,40,Moderate,"Left elbow overly flexed (Angle dropped to 35° during contact, below the 140° comfort range. Sustained sha...); Trunk leaning excessively (Torso lean measured at 163°, outside the 15°–65° tennis-specific range. Can shif...)",-2.2835563451121565,0,0,0.8864830796444865,0,0,-0.4347886903624444,0,1,1.4963785446813511,1,0,-0.8771125413793286,0,1,1.7051968707355014,0,1,0.43329494223453996,1,0.2630986338387629,0.816403395356681,110.17999999999999,44.66999999999999,0.5
forehand,10723,F_223.jpeg,140.06,99.48,99.67,109.6,27.36,41.73,98.63,40,Moderate,"Right elbow overly flexed (Angle dropped to 99° during contact, below the 140° comfort range. Sustained sha...); Trunk leaning excessively (Torso lean measured at 99°, outside the 15°–65° tennis-specific range. Can shift...)",-0.02329748987426305,0,0,-0.1457905318510303,0,1,-1.6341930609965902,0,1,-0.28190453188869574,0,1,-0.9702807816231336,1,0,-0.26260931249406777,0,1,-2.162001925416672,0,1.3912784344889242,0.8994575045207958,40.58,9.929999999999993,0.6666666666666666
forehand,10724,F_224.jpeg,169.09,132.72,144.57,154.29,32.94,59.61,100.93,40,Moderate,"Right elbow overly flexed (Angle dropped to 133° during contact, below the 140° comfort range. Sustained sh...); Trunk leaning excessively (Torso lean measured at 101°, outside the 15°–65° tennis-specific range. Can shif...)",0.6015507585549917,1,0,0.6042154757142371,0,1,0.02028485732823751,0,1,0.8991249032712894,0,0,-0.8603698343587718,0,1,0.23504803624913873,0,1,-2.069642606283176,0,1.1615717524215154,0.8546590250499067,36.370000000000005,9.719999999999999,0.6666666666666666
forehand,10725,F_225.jpeg,163.5,150.13,158.45,162.12,39.18,76.74,91.92,10,Low,"Trunk leaning excessively (Torso lean measured at 92°, outside the 15°–65° tennis-specific range. Can shift...)",0.48123034144443244,1,0,0.9970435320232415,0,0,0.5317359376478056,0,0,1.1060495055828288,1,0,-0.7374586675255068,0,1,0.7118304962027809,0,1,-2.431450199932216,0,1.0253998118532457,0.9203653751839136,13.370000000000005,3.670000000000016,0.3333333333333333
forehand,10729,F_229.jpeg,125.33,69.59,101.15,96.49,80.44,34.56,95.37,70,High,"Left elbow overly flexed (Angle dropped to 125° during contact, below the 140° comfort range. Sustained sh...); Right elbow overly flexed (Angle dropped to 70° during contact, below the 140° comfort range. Sustained sha...); Trunk leaning excessively (Torso lean measured at 95°, outside the 15°–65° tennis-specific range. Can shift...)",-0.34034932243929666,0,1,-0.8202092913614348,0,1,-1.5796579313947918,0,1,-0.6283644982110812,0,1,0.07525202855470316,0,1,-0.4621732493222997,0,1,-2.2929112212319733,0,1.2269211943220752,0.7138168017232538,55.739999999999995,4.660000000000011,1.0
forehand,10758,F_258.jpeg,36.29,167.91,146.13,151.43,18.69,94.49,149.39,40,Moderate,"Left elbow overly flexed (Angle dropped to 36° during contact, below the 140° comfort range. Sustained sha...); Trunk leaning excessively (Torso lean measured at 149°, outside the 15°–65° tennis-specific range. Can shif...)",-2.2568663062540004,0,0,1.3982200306547234,1,0,0.07776783177337639,0,1,0.8235432477654147,0,0,-1.1410563932328142,1,0,1.2058695308891296,0,1,-0.12367190836614579,0,0.24665262013185618,1.101554812044873,131.62,5.300000000000011,0.3333333333333333
forehand,10780,F_280.jpeg,97.47,77.54,145.03,173.34,58.11,59.38,164.65,70,High,"Left elbow overly flexed (Angle dropped to 97° during contact, below the 140° comfort range. Sustained sha...); Right elbow overly flexed (Angle dropped to 78° during contact, below the 140° comfort range. Sustained sha...); Trunk leaning excessively (Torso lean measured at 165°, outside the 15°–65° tennis-specific range. Can shif...)",-0.9400142277523879,0,1,-0.6408305982163122,0,1,0.037234965177445394,0,1,1.4025621541058773,1,0,-0.36458873352651566,0,1,0.22864640368700584,0,1,0.48911209597173977,1,0.6674655892624803,0.44476310657336243,19.929999999999993,28.310000000000002,0.8333333333333334
forehand,10782,F_282.jpeg,150.72,95.83,81.83,106.95,108.97,64.66,85.33,40,Moderate,"Right elbow overly flexed (Angle dropped to 96° during contact, below the 140° comfort range. Sustained sha...); Trunk leaning excessively (Torso lean measured at 85°, outside the 15°–65° tennis-specific range. Can shift...)",0.20615074740633818,0,0,-0.22814678719438863,0,1,-2.291562461061511,0,1,-0.3519364854168665,0,1,0.6372160653741019,0,1,0.37560562076553644,0,1,-2.6960797273625348,0,1.8196305686345526,0.8877257989810097,54.89,25.120000000000005,0.8333333333333334
forehand,10792,F_292.jpeg,147.32,95.59,131.57,122.77,100.24,63.91,109.79,40,Moderate,"Right elbow overly flexed (Angle dropped to 96° during contact, below the 140° comfort range. Sustained sha...); Trunk leaning excessively (Torso lean measured at 110°, outside the 15°–65° tennis-specific range. Can shif...)",0.1329683827952645,0,0,-0.23356199302518468,0,1,-0.45873992971458577,0,1,0.06614106357017663,0,1,0.46525861562179366,0,1,0.3547307319759724,0,1,-1.7138584464906692,0,1.111261974805763,0.7723196251110932,51.72999999999999,8.799999999999997,0.8333333333333334
forehand,10793,F_293.jpeg,166.48,93.37,112.49,144.38,118.15,52.03,108.94,40,Moderate,"Right elbow overly flexed (Angle dropped to 93° during contact, below the 140° comfort range. Sustained sha...); Trunk leaning excessively (Torso lean measured at 109°, outside the 15°–65° tennis-specific range. Can shif...)",0.5453725316035497,1,0,-0.2836526469600491,0,1,-1.1618009248512833,0,1,0.6372318242282048,0,1,0.8180373011961167,0,1,0.024072493549278342,0,1,-1.7479912383443523,0,1.4669133844391575,0.6422479020498005,73.10999999999999,31.89,0.8333333333333334
forehand,10799,F_299.jpeg,81.64,175.62,118.61,158.54,4.21,74.31,151.14,40,Moderate,"Left elbow overly flexed (Angle dropped to 82° during contact, below the 140° comfort range. Sustained sha...); Trunk leaning excessively (Torso lean measured at 151°, outside the 15°–65° tennis-specific range. Can shif...)",-1.2807427076915923,0,1,1.57218351796905,1,0,-0.9362907943357386,0,1,1.0114403004391108,0,0,-1.4262733316535956,1,0,0.6441958565245938,0,1,-0.05339851337326909,0,0.6825516261182175,1.1007897705904477,93.98,39.92999999999999,0.5
forehand,10821,F_321.jpeg,117.56,15.26,114.22,120.31,87.23,8.72,162.17,70,High,"Left elbow overly flexed (Angle dropped to 118° during contact, below the 140° comfort range. Sustained sh...); Right elbow overly flexed (Angle dropped to 15° during contact, below the 140° comfort range. Sustained sha...); Trunk leaning excessively (Torso lean measured at 162°, outside the 15°–65° tennis-specific range. Can shif...)",-0.5075925498004853,0,1,-2.0460765113079145,1,0,-1.0980537801140458,0,1,0.0011302689742143043,0,1,0.20899671169538736,0,1,-1.1813827510854125,1,0,0.3895246562104052,1,1.0203089741364346,0.1257934218118869,102.3,6.090000000000003,0.6666666666666666
forehand,10852,F_352.jpeg,156.21,48.99,85.82,125.58,106.66,16.15,113.4,40,Moderate,"Right elbow overly flexed (Angle dropped to 49° during contact, below the 140° comfort range. Sustained sha...); Trunk leaning excessively (Torso lean measured at 113°, outside the 15°–65° tennis-specific range. Can shif...)",0.3243187420283366,0,0,-1.2850144585047716,0,1,-2.1445386994999063,0,1,0.1404013614623127,0,1,0.5917152968829412,0,1,-0.9745821861434648,1,0,-1.568894471676792,0,1.7992398064961992,0.3870279665033971,107.22,39.760000000000005,0.6666666666666666
forehand,10854,F_354.jpeg,10.88,128.63,179.68,174.7,55.01,32.46,146.48,70,High,"Left elbow overly flexed (Angle dropped to 11° during contact, below the 140° comfort range. Sustained sha...); Right elbow overly flexed (Angle dropped to 129° during contact, below the 140° comfort range. Sustained sh...); Trunk leaning excessively (Torso lean measured at 146°, outside the 15°–65° tennis-specific range. Can shif...)",-2.8037968605973473,1,0,0.5119313430144192,0,1,1.3140202629492783,1,0,1.4385030811995798,1,0,-0.4256503708956056,0,1,-0.520622937933079,0,1,-0.24052652518287204,0,0.06021695815806952,0.7321001707455891,117.75,4.980000000000018,0.5
forehand,10856,F_356.jpeg,41.04,156.42,146.27,147.57,24.32,105.99,171.77,40,Moderate,"Left elbow overly flexed (Angle dropped to 41° during contact, below the 140° comfort range. Sustained sha...); Trunk leaning excessively (Torso lean measured at 172°, outside the 15°–65° tennis-specific range. Can shif...)",-2.1546262380473533,0,0,1.1389670515053572,0,0,0.08292656024922272,0,1,0.7215344399847577,0,1,-1.030160580849596,1,0,1.525951158995778,0,1,0.7750244230284726,1,0.27867182725606027,1.0528370465100625,115.38,1.299999999999983,0.5
forehand,10867,F_367.jpeg,167.68,27.9,98.07,105.08,116.13,28.66,112.24,40,Moderate,"Right elbow overly flexed (Angle dropped to 28° during contact, below the 140° comfort range. Sustained sha...); Trunk leaning excessively (Torso lean measured at 112°, outside the 15°–65° tennis-specific range. Can shif...)",0.5712016014662818,1,0,-1.7608756708859836,1,0,-1.6931499578633995,0,1,-0.40135526017070805,0,1,0.7782487503943224,0,1,-0.6263890411335368,1,0,-1.6154756935006422,0,1.692540627838902,0.26300904977375567,139.78,7.010000000000005,0.5
forehand,10873,F_373.jpeg,161.87,115.82,169.71,109.91,97.91,32.19,82.78,40,Moderate,"Right elbow overly flexed (Angle dropped to 116° during contact, below the 140° comfort range. Sustained sh...); Trunk leaning excessively (Torso lean measured at 83°, outside the 15°–65° tennis-specific range. Can shift...)",0.4461458548808885,1,0,0.22289473179567437,0,1,0.9466450993479748,1,0,-0.2737121146835134,0,1,0.41936390108309063,0,1,-0.5281378978973221,0,1,-2.7984781029235832,0,0.9482162732118797,1.0442701289333693,46.05000000000001,59.80000000000001,0.6666666666666666
forehand,10882,F_382.jpeg,32.11,115.02,159.19,170.06,80.12,59.51,161.85,70,High,"Left elbow overly flexed (Angle dropped to 32° during contact, below the 140° comfort range. Sustained sha...); Right elbow overly flexed (Angle dropped to 115° during contact, below the 140° comfort range. Sustained sh...); Trunk leaning excessively (Torso lean measured at 162°, outside the 15°–65° tennis-specific range. Can shif...)",-2.3468375662758496,0,0,0.2048440456930206,0,1,0.5590035024487051,0,0,1.315881094644594,1,0,0.06894889179402303,0,1,0.23226471774386348,0,1,0.3766746639831366,1,0.20044946625881765,0.6723956506488951,82.91,10.870000000000005,0.5
forehand,10883,F_383.jpeg,64.03,108.51,153.86,175.43,44.54,126.61,156.62,70,High,"Left elbow overly flexed (Angle dropped to 64° during contact, below the 140° comfort range. Sustained sha...); Right elbow overly flexed (Angle dropped to 109° during contact, below the 140° comfort range. Sustained sh...); Trunk leaning excessively (Torso lean measured at 157°, outside the 15°–65° tennis-specific range. Can shif...)",-1.6597843079271821,0,1,0.05795658753267507,0,1,0.3626033397611481,0,0,1.4577949023601706,1,0,-0.6318811267841126,0,1,2.099871434783525,0,1,0.16665760351871123,0,0.4134702311765465,0.6150314572351641,44.480000000000004,21.569999999999993,0.6666666666666666
forehand,10884,F_384.jpeg,97.18,126.91,136.57,177.65,3.24,143.8,135.58,70,High,"Left elbow overly flexed (Angle dropped to 97° during contact, below the 140° comfort range. Sustained sha...); Right elbow overly flexed (Angle dropped to 127° during contact, below the 140° comfort range. Sustained sh...); Trunk leaning excessively (Torso lean measured at 136°, outside the 15°–65° tennis-specific range. Can shif...)",-0.9462562529692146,0,1,0.4731223678937135,0,1,-0.2744996270058076,0,1,1.5164631804101856,1,0,-1.4453797149594076,1,0,2.5783238858403332,0,1,-0.6782293854242174,0,0.706404012502726,0.7103834312902323,29.72999999999999,41.08000000000001,0.6666666666666666
forehand,10894,F_394.jpeg,24.15,138.61,165.41,179.56,34.86,69.31,179.44,70,High,"Left elbow overly flexed (Angle dropped to 24° during contact, below the 140° comfort range. Sustained sha...); Right elbow overly flexed (Angle dropped to 139° during contact, below the 140° comfort range. Sustained sh...); Trunk leaning excessively (Torso lean measured at 179°, outside the 15°–65° tennis-specific range. Can shif...)",-2.518170396365304,1,0,0.7371136521450264,0,0,0.7881984390184251,1,0,1.5669390412550182,1,0,-0.8225510137946902,0,1,0.5050299312608335,0,1,1.083022674225823,1,0.14512349017486928,0.7676672574213559,114.46000000000001,14.150000000000006,0.3333333333333333
forehand,10905,F_405.jpeg,48.75,170.34,154.93,174.96,14.0,114.53,144.58,40,Moderate,"Left elbow overly flexed (Angle dropped to 49° during contact, below the 140° comfort range. Sustained sha...); Trunk leaning excessively (Torso lean measured at 145°, outside the 15°–65° tennis-specific range. Can shif...)",-1.988674464179301,0,1,1.4530489896915346,1,0,0.4020307645408264,0,0,1.4453741407910234,1,0,-1.2334367413815341,1,0,1.7636465593462807,0,1,-0.3168233540322801,0,0.3126402873084076,0.9680609229370312,121.59,20.03,0.3333333333333333
forehand,10925,F_425.jpeg,152.52,104.16,103.55,90.61,103.71,70.72,95.16,40,Moderate,"Right elbow overly flexed (Angle dropped to 104° during contact, below the 140° comfort range. Sustained sh...); Trunk leaning excessively (Torso lean measured at 95°, outside the 15°–65° tennis-specific range. Can shift...)",0.2448943522004362,0,0,-0.040194018150505446,0,1,-1.4912225860945785,0,1,-0.7837561535867963,0,1,0.5336082548704202,0,1,0.5442747221852138,0,1,-2.3013440286311186,0,1.4588235294117649,1.136993777971837,48.360000000000014,12.939999999999998,0.8333333333333334
forehand,10927,F_427.jpeg,158.07,96.07,61.9,84.42,116.57,31.2,79.17,65,Moderate,"Right elbow overly flexed (Angle dropped to 96° during contact, below the 140° comfort range. Sustained sha...); Left knee deep bend (Knee angle reached 62°, well below the 80° threshold. Deep flexion under load ca...); Trunk leaning excessively (Torso lean measured at 79°, outside the 15°–65° tennis-specific range. Can shift...)",0.3643538003155707,0,0,-0.22273158136359258,0,1,-3.0259443076587007,0,1,-0.9473402261676938,0,1,0.7869155634402577,0,1,-0.5556927510995466,0,1,-2.9434420777374606,0,2.5130365659777425,1.1246780613439475,62.0,22.520000000000003,0.8333333333333334
forehand,10937,F_437.jpeg,162.01,101.74,89.17,83.72,120.23,43.67,98.14,40,Moderate,"Right elbow overly flexed (Angle dropped to 102° during contact, below the 140° comfort range. Sustained sh...); Trunk leaning excessively (Torso lean measured at 98°, outside the 15°–65° tennis-specific range. Can shift...)",0.44915924636487353,1,0,-0.09479734361103338,0,1,-2.0210976966850245,0,1,-0.9658392327600409,0,1,0.8590076901405383,0,1,-0.20861293349172866,0,1,-2.1816784760146772,0,1.7967173117444826,1.2008970727101038,60.269999999999996,5.450000000000003,0.8333333333333334
forehand,10940,F_440.jpeg,88.64,120.96,167.13,175.48,36.44,32.78,144.78,70,High,"Left elbow overly flexed (Angle dropped to 89° during contact, below the 140° comfort range. Sustained sha...); Right elbow overly flexed (Angle dropped to 121° during contact, below the 140° comfort range. Sustained sh...); Trunk leaning excessively (Torso lean measured at 145°, outside the 15°–65° tennis-specific range. Can shif...)",-1.130073133492323,0,1,0.3388703900052254,0,1,0.8515771031502447,1,0,1.4591162599739094,1,0,-0.7914292760388315,0,1,-0.5117163187161984,0,1,-0.3087921088902375,0,0.5272110866591329,0.6854034451495921,32.31999999999999,8.349999999999994,0.6666666666666666
forehand,10948,F_448.jpeg,3.49,118.24,138.5,143.64,47.86,27.23,141.74,70,High,"Left elbow overly flexed (Angle dropped to 3° during contact, below the 140° comfort range. Sustained shar...); Right elbow overly flexed (Angle dropped to 118° during contact, below the 140° comfort range. Sustained sh...); Trunk leaning excessively (Torso lean measured at 142°, outside the 15°–65° tennis-specific range. Can shif...)",-2.962860882502004,1,0,0.2774980572562023,0,1,-0.20338287016021894,0,1,0.6176757315448663,0,1,-0.5664860828920549,0,1,-0.6661904957589722,1,0,-0.4308670350492916,0,0.025017921146953406,0.8174778761061947,114.75,5.139999999999986,0.6666666666666666
forehand,10949,F_449.jpeg,24.36,121.73,151.71,173.47,60.21,161.76,157.68,90,High,"Left elbow overly flexed (Angle dropped to 24° during contact, below the 140° comfort range. Sustained sha...); Right elbow overly flexed (Angle dropped to 122° during contact, below the 140° comfort range. Sustained sh...); Right shoulder in vulnerable position (Shoulder angle measured at 162°, exceeding the 160° safe limit. Overhead positio...); Trunk leaning excessively (Torso lean measured at 158°, outside the 15°–65° tennis-specific range. Can shif...)",-2.513650309139326,1,0,0.3562441753790299,0,1,0.28338000959637333,0,0,1.4059976839015988,1,0,-0.3232243985345515,0,1,3.078207889387759,1,0,0.2092232027715395,0,0.15951804073079692,0.6977130738808964,97.37,21.75999999999999,0.3333333333333333
forehand,10956,F_456.jpeg,34.18,123.18,168.13,141.04,43.52,111.08,128.55,70,High,"Left elbow overly flexed (Angle dropped to 34° during contact, below the 140° comfort range. Sustained sha...); Right elbow overly flexed (Angle dropped to 123° during contact, below the 140° comfort range. Sustained sh...); Trunk leaning excessively (Torso lean measured at 129°, outside the 15°–65° tennis-specific range. Can shif...)",-2.302282420762637,0,0,0.3889610439400901,0,1,0.8884251636920004,1,0,0.5489651356304345,0,1,-0.6519723752087808,0,1,1.667622070914286,0,1,-0.9605276521670307,0,0.20209306450659256,0.8672205012672488,89.0,27.090000000000003,0.6666666666666666
forehand,10957,F_457.jpeg,86.82,117.82,170.92,173.91,21.34,125.03,132.69,70,High,"Left elbow overly flexed (Angle dropped to 87° during contact, below the 140° comfort range. Sustained sha...); Right elbow overly flexed (Angle dropped to 118° during contact, below the 140° comfort range. Sustained sh...); Trunk leaning excessively (Torso lean measured at 133°, outside the 15°–65° tennis-specific range. Can shif...)",-1.1692472227841333,0,1,0.268021447052309,0,1,0.9912312526034983,1,0,1.4176256309025026,1,0,-1.0888585419334307,1,0,2.055895002400177,0,1,-0.79428087772674,0,0.5050023266635645,0.6736035675490252,31.0,2.990000000000009,0.5
forehand,10965,F_465.jpeg,154.35,97.8,94.6,100.46,111.53,51.99,128.1,40,Moderate,"Right elbow overly flexed (Angle dropped to 98° during contact, below the 140° comfort range. Sustained sha...); Trunk leaning excessively (Torso lean measured at 128°, outside the 15°–65° tennis-specific range. Can shif...)",0.28428368374110197,0,0,-0.18369697266660356,0,1,-1.8210127279432917,0,1,-0.5234487036801987,0,1,0.687641159459544,0,1,0.022959166147168284,0,1,-0.9785979537366283,0,1.614539748953975,0.9639266706091071,56.55,5.859999999999999,0.8333333333333334
forehand,10966,F_466.jpeg,160.36,78.41,94.4,96.18,106.33,9.8,81.34,40,Moderate,"Right elbow overly flexed (Angle dropped to 78° during contact, below the 140° comfort range. Sustained sha...); Trunk leaning excessively (Torso lean measured at 81°, outside the 15°–65° tennis-specific range. Can shift...)",0.41364427530361775,1,0,-0.6212004770796763,0,1,-1.8283823400516424,0,1,-0.6365569154162631,0,1,0.5852151870984897,0,1,-1.15132291122844,1,0,-2.856303067946293,0,1.6809224318658282,0.8068532619880633,81.95000000000002,1.7800000000000011,0.6666666666666666
forehand,10980,F_480.jpeg,86.59,162.6,107.38,104.7,5.57,64.56,152.49,40,Moderate,"Left elbow overly flexed (Angle dropped to 87° during contact, below the 140° comfort range. Sustained sha...); Trunk leaning excessively (Torso lean measured at 152°, outside the 15°–65° tennis-specific range. Can shif...)",-1.1741977945078232,0,1,1.2784086016483585,1,0,-1.3500945142196545,0,1,-0.4113975780351249,0,1,-1.3994850004207047,1,0,0.37282230226026136,0,1,0.0008123913355224144,0,0.7989481454142832,1.5383159886471143,76.00999999999999,2.6799999999999926,0.6666666666666666
forehand,10985,F_485.jpeg,132.6,22.29,148.5,120.53,90.66,26.19,85.4,70,High,"Left elbow overly flexed (Angle dropped to 133° during contact, below the 140° comfort range. Sustained sh...); Right elbow overly flexed (Angle dropped to 22° during contact, below the 140° comfort range. Sustained sha...); Trunk leaning excessively (Torso lean measured at 85°, outside the 15°–65° tennis-specific range. Can shift...)",-0.1838682075209129,0,1,-1.887456107180844,1,0,0.16509773525733742,0,1,0.0069442424746662046,0,1,0.27655845884892866,0,1,-0.6951370082138343,1,0,-2.693268791562819,0,0.8869565217391304,0.1834115033325105,110.31,27.97,0.6666666666666666
forehand,10990,F_490.jpeg,150.0,99.16,148.88,159.77,60.98,158.74,178.38,40,Moderate,"Right elbow overly flexed (Angle dropped to 99° during contact, below the 140° comfort range. Sustained sha...); Trunk leaning excessively (Torso lean measured at 178°, outside the 15°–65° tennis-specific range. Can shif...)",0.1906533054886991,0,0,-0.15301080629209202,0,1,0.17909999826320439,0,1,1.0439456977370924,0,0,-0.3080574757041647,0,1,2.9941516705284483,0,0,1.0404570749729949,1,1.00080064051241,0.6167817378864215,50.84,10.890000000000015,0.5
ready_position,11016,R_016.jpeg,129.39,171.06,179.76,178.64,17.78,8.9,153.63,40,Moderate,"Left elbow overly flexed (Angle dropped to 129° during contact, below the 140° comfort range. Sustained sh...); Trunk leaning excessively (Torso lean measured at 154°, outside the 15°–65° tennis-specific range. Can shif...)",-0.2529609694037208,0,1,1.469294607183923,1,0,1.3169681077926183,1,0,1.5426260611622187,1,0,-1.1589809383959986,1,0,-1.176372777775917,1,0,0.04659048864516726,0,0.7158110201371984,0.9522378089512359,41.670000000000016,1.1200000000000045,0.16666666666666666
ready_position,11079,R_079.jpeg,88.07,90.19,107.52,92.7,41.65,25.47,87.59,70,High,"Left elbow overly flexed (Angle dropped to 88° during contact, below the 140° comfort range. Sustained sha...); Right elbow overly flexed (Angle dropped to 90° during contact, below the 140° comfort range. Sustained sha...); Trunk leaning excessively (Torso lean measured at 88°, outside the 15°–65° tennis-specific range. Can shift...)",-1.1423419416771208,0,1,-0.3554041242180983,0,1,-1.3449357857438087,0,1,-0.7285234053325029,0,1,-0.6888063306540061,0,1,-0.7151769014518158,1,0,-2.605326657257448,0,0.8115554736454109,0.9625400213447172,2.1200000000000045,14.819999999999993,0.8333333333333334
serve,11502,S_002.jpeg,165.48,90.89,175.06,141.14,45.43,20.59,174.55,40,Moderate,"Right elbow overly flexed (Angle dropped to 91° during contact, below the 140° comfort range. Sustained sha...); Trunk leaning excessively (Torso lean measured at 175°, outside the 15°–65° tennis-specific range. Can shif...)",0.5238483067179398,1,0,-0.3396097738782761,0,1,1.1437822232463672,1,0,0.5516078508579125,0,1,-0.6143505276684706,0,1,-0.8510028445092457,1,0,0.886658730502871,1,0.9399068499375213,0.6394399887434924,74.58999999999999,33.920000000000016,0.5
serve,11503,S_003.jpeg,170.0,50.19,156.72,130.69,116.16,1.94,168.7,40,Moderate,"Right elbow overly flexed (Angle dropped to 50° during contact, below the 140° comfort range. Sustained sha...); Trunk leaning excessively (Torso lean measured at 169°, outside the 15°–65° tennis-specific range. Can shif...)",0.6211378032008966,1,0,-1.257938429350791,0,1,0.4679887929105687,0,0,0.27544410958644616,0,1,0.7788396694656362,0,1,-1.3700917457430712,1,0,0.6517448100981109,1,1.077859497844281,0.38112233275115803,119.81,26.03,0.5
serve,11505,S_005.jpeg,178.26,34.22,136.12,97.92,163.01,31.6,173.42,60,Moderate,"Right elbow overly flexed (Angle dropped to 34° during contact, below the 140° comfort range. Sustained sha...); Left shoulder in vulnerable position (Shoulder angle measured at 163°, exceeding the 160° safe limit. Overhead positio...); Trunk leaning excessively (Torso lean measured at 173°, outside the 15°–65° tennis-specific range. Can shif...)",0.798927900756034,1,0,-1.6182752506750184,0,0,-0.2910812542495972,0,1,-0.5905736704581435,0,1,1.7016582858339793,1,0,-0.5445594770784458,0,1,0.8412821954503269,1,1.3000291715285879,0.34593610998786894,144.04,38.2,0.5
serve,11506,S_006.jpeg,167.88,64.08,132.88,86.72,167.96,73.23,173.47,60,Moderate,"Right elbow overly flexed (Angle dropped to 64° during contact, below the 140° comfort range. Sustained sha...); Left shoulder in vulnerable position (Shoulder angle measured at 168°, exceeding the 160° safe limit. Overhead positio...); Trunk leaning excessively (Torso lean measured at 173°, outside the 15°–65° tennis-specific range. Can shif...)",0.5755064464434037,1,0,-0.9445333918934634,0,1,-0.4104689704048858,0,1,-0.8865577759356964,0,1,1.7991599326007524,1,0,0.6141360166676215,0,1,0.8432900067358381,1,1.2539587690469076,0.7305061559507524,103.8,46.16,0.6666666666666666
serve,11507,S_007.jpeg,154.98,72.81,130.12,82.52,143.95,73.23,177.46,40,Moderate,"Right elbow overly flexed (Angle dropped to 73° during contact, below the 140° comfort range. Sustained sha...); Trunk leaning excessively (Torso lean measured at 177°, outside the 15°–65° tennis-specific range. Can shif...)",0.2978439454190361,0,0,-0.7475552797982531,0,1,-0.512169617500131,0,1,-0.9975518154897788,0,1,1.3262277025259617,0,1,0.6141360166676215,0,1,1.0035133473195974,1,1.1819707138499083,0.8717672413793104,82.16999999999999,47.60000000000001,0.8333333333333334
serve,11508,S_008.jpeg,141.73,69.85,176.09,126.41,16.83,1.68,162.38,40,Moderate,"Right elbow overly flexed (Angle dropped to 70° during contact, below the 140° comfort range. Sustained sha...); Trunk leaning excessively (Torso lean measured at 162°, outside the 15°–65° tennis-specific range. Can shif...)",0.01264796568470518,0,0,-0.8143428183780725,0,1,1.1817357256043755,1,0,0.1623358978503813,0,1,-1.1776933756542682,1,0,-1.3773283738567867,1,0,0.39795746360955075,1,0.8003275170817098,0.5482301232242367,71.88,49.68000000000001,0.3333333333333333
serve,11516,S_016.jpeg,170.22,26.57,151.21,95.24,157.79,27.26,172.18,40,Moderate,"Right elbow overly flexed (Angle dropped to 27° during contact, below the 140° comfort range. Sustained sha...); Trunk leaning excessively (Torso lean measured at 172°, outside the 15°–65° tennis-specific range. Can shif...)",0.6258731326757309,1,0,-1.790884936531646,1,0,0.26495597932549547,0,0,-0.661398438554558,0,1,1.5988383674253828,0,0,-0.6653555002073895,1,0,0.7914884755696607,1,1.1183233690296301,0.2760806317539485,143.65,55.97000000000001,0.16666666666666666
serve,11517,S_017.jpeg,169.19,52.63,130.41,89.78,166.46,53.52,176.14,60,Moderate,"Right elbow overly flexed (Angle dropped to 53° during contact, below the 140° comfort range. Sustained sha...); Left shoulder in vulnerable position (Shoulder angle measured at 166°, exceeding the 160° safe limit. Overhead positio...); Trunk leaning excessively (Torso lean measured at 176°, outside the 15°–65° tennis-specific range. Can shif...)",0.6037031810435526,1,0,-1.2028838367376966,0,1,-0.5014836799430222,0,1,-0.8056906899748649,0,1,1.7696139790350636,1,0,0.06554393927787892,0,1,0.9505071293821122,1,1.2874971463358953,0.5797532496144525,116.56,40.629999999999995,0.6666666666666666
serve,11518,S_018.jpeg,155.43,67.72,131.22,82.87,158.89,77.45,177.42,40,Moderate,"Right elbow overly flexed (Angle dropped to 68° during contact, below the 140° comfort range. Sustained sha...); Trunk leaning excessively (Torso lean measured at 177°, outside the 15°–65° tennis-specific range. Can shif...)",0.3075298466175609,0,0,-0.8624027701263883,0,1,-0.47163675090420004,0,1,-0.988302312193605,0,1,1.620505400040221,0,0,0.7315920575902352,0,1,1.001907098291188,1,1.175540765391015,0.8074400858471443,87.71000000000001,48.349999999999994,0.6666666666666666
serve,11519,S_019.jpeg,178.46,69.98,140.21,95.58,131.5,61.92,178.03,40,Moderate,"Right elbow overly flexed (Angle dropped to 70° during contact, below the 140° comfort range. Sustained sha...); Trunk leaning excessively (Torso lean measured at 178°, outside the 15°–65° tennis-specific range. Can shif...)",0.8032327457331564,1,0,-0.8114095818863911,0,1,-0.14037268663381652,0,1,-0.6524132067811322,0,1,1.080996287930746,0,1,0.299342693720996,0,1,1.0264023959744197,1,1.2637915161815736,0.724580658521433,108.48,44.63000000000001,0.8333333333333334
serve,11522,S_022.jpeg,160.57,114.99,174.35,127.36,25.57,0.26,159.0,40,Moderate,"Right elbow overly flexed (Angle dropped to 115° during contact, below the 140° comfort range. Sustained sh...); Trunk leaning excessively (Torso lean measured at 159°, outside the 15°–65° tennis-specific range. Can shif...)",0.4181643625295954,1,0,0.20416714496417104,0,1,1.1176201002617203,1,0,0.1874416925114238,0,1,-1.0055389528781888,1,0,-1.4168514966316947,1,0,0.2622294207090234,0,0.9157114342743086,0.895839825490807,45.58,46.989999999999995,0.3333333333333333
serve,11523,S_023.jpeg,175.13,136.33,177.24,120.73,29.21,21.94,155.45,40,Moderate,"Right elbow overly flexed (Angle dropped to 136° during contact, below the 140° comfort range. Sustained sh...); Trunk leaning excessively (Torso lean measured at 155°, outside the 15°–65° tennis-specific range. Can shif...)",0.7315570768640752,1,0,0.685669196752463,0,0,1.2241109952273947,1,0,0.012229672929622579,0,1,-0.9338407722254508,1,0,-0.8134280446880304,1,0,0.11967481943775875,0,0.9825516157989227,1.1199375667460774,38.79999999999998,56.510000000000005,0.16666666666666666
serve,11524,S_024.jpeg,166.44,123.18,170.07,147.44,23.94,9.46,179.58,40,Moderate,"Right elbow overly flexed (Angle dropped to 123° during contact, below the 140° comfort range. Sustained sh...); Trunk leaning excessively (Torso lean measured at 180°, outside the 15°–65° tennis-specific range. Can shif...)",0.5445115626081255,1,0,0.3889610439400901,0,1,0.9599104011430063,1,0,0.7180989101890363,0,1,-1.0376455557529038,1,0,-1.1607861941463757,1,0,1.0886445458252538,1,0.9729350558251009,0.8298302344381568,43.25999999999999,22.629999999999995,0.3333333333333333
serve,11525,S_025.jpeg,178.7,107.53,176.69,130.86,42.22,16.34,174.62,40,Moderate,"Right elbow overly flexed (Angle dropped to 108° during contact, below the 140° comfort range. Sustained sh...); Trunk leaning excessively (Torso lean measured at 175°, outside the 15°–65° tennis-specific range. Can shif...)",0.8083985597057024,1,0,0.035844497056924,0,1,1.2038445619294287,1,0,0.27993672547315945,0,1,-0.6775788682990445,0,1,-0.9692938809834419,1,0,0.8894696663025858,1,1.0056840565028982,0.815486121644168,71.16999999999999,45.829999999999984,0.5
serve,11526,S_026.jpeg,178.85,66.31,173.94,141.82,68.22,5.67,157.39,40,Moderate,"Right elbow overly flexed (Angle dropped to 66° during contact, below the 140° comfort range. Sustained sha...); Trunk leaning excessively (Torso lean measured at 157°, outside the 15°–65° tennis-specific range. Can shif...)",0.811627193438544,1,0,-0.8942171043823157,0,1,1.1025123954396008,1,0,0.5695783144047641,0,1,-0.16544900649377395,0,1,-1.266273965496306,1,0,0.19757789731557626,0,1.022350520178347,0.4642907155860524,112.53999999999999,32.120000000000005,0.5
serve,11527,S_027.jpeg,167.68,13.44,158.44,119.19,121.06,21.63,169.93,40,Moderate,"Right elbow overly flexed (Angle dropped to 13° during contact, below the 140° comfort range. Sustained sha...); Trunk leaning excessively (Torso lean measured at 170°, outside the 15°–65° tennis-specific range. Can shif...)",0.5712016014662818,1,0,-2.087141822191452,1,0,0.5313674570423884,0,0,-0.028468141573541095,0,1,0.8753564511135528,0,1,-0.8220563320543836,1,0,0.7011369677216763,1,1.051680883090818,0.11182294700058241,154.24,39.25,0.3333333333333333
serve,11528,S_028.jpeg,178.07,39.4,130.26,88.97,153.78,51.03,175.71,40,Moderate,"Right elbow overly flexed (Angle dropped to 39° during contact, below the 140° comfort range. Sustained sha...); Trunk leaning excessively (Torso lean measured at 176°, outside the 15°–65° tennis-specific range. Can shif...)",0.7948382980277683,1,0,-1.5013970581603344,0,0,-0.5070108890242857,0,1,-0.827096683317438,0,1,1.5198521848931084,0,0,-0.003760691503473695,0,1,0.9332399523267206,1,1.3566204479658692,0.4379237523618984,138.67,41.28999999999999,0.5
serve,11530,S_030.jpeg,153.08,78.08,96.71,97.45,164.42,99.55,163.4,60,Moderate,"Right elbow overly flexed (Angle dropped to 78° during contact, below the 140° comfort range. Sustained sha...); Left shoulder in vulnerable position (Shoulder angle measured at 164°, exceeding the 160° safe limit. Overhead positio...); Trunk leaning excessively (Torso lean measured at 163°, outside the 15°–65° tennis-specific range. Can shif...)",0.2569479181363778,0,0,-0.628646385097021,0,1,-1.7432633202001873,0,1,-0.6029944320272907,0,1,1.7294314821857266,1,0,1.346705447256055,0,1,0.4389168138339707,1,1.5666769010336712,0.7930929405789741,75.00000000000001,0.7400000000000091,0.6666666666666666
serve,11536,S_036.jpeg,169.29,141.52,178.78,117.87,27.1,19.45,153.79,10,Low,"Trunk leaning excessively (Torso lean measured at 154°, outside the 15°–65° tennis-specific range. Can shif...)",0.6058556035321134,1,0,0.8027730228434298,0,0,1.2808570084616981,1,0,-0.06335198257625249,0,1,-0.9754020802411862,1,0,-0.882732675469383,1,0,0.053015484758801565,0,0.9416509066637,1.190544292083789,27.769999999999982,60.91,0.16666666666666666
serve,11537,S_037.jpeg,172.46,123.54,179.95,125.12,24.61,9.72,163.09,40,Moderate,"Right elbow overly flexed (Angle dropped to 124° during contact, below the 140° comfort range. Sustained sh...); Trunk leaning excessively (Torso lean measured at 163°, outside the 15°–65° tennis-specific range. Can shif...)",0.6740873964194971,1,0,0.3970838526862843,0,1,1.3239692392955518,1,0,0.12824487141591337,0,1,-1.0244483631602295,1,0,-1.1535495660326605,1,0,0.42646838386380387,1,0.9530809615915999,0.9795432921027593,48.92,54.829999999999984,0.3333333333333333
serve,11538,S_038.jpeg,168.64,128.87,173.91,136.0,24.72,18.3,174.32,40,Moderate,"Right elbow overly flexed (Angle dropped to 129° during contact, below the 140° comfort range. Sustained sh...); Trunk leaning excessively (Torso lean measured at 174°, outside the 15°–65° tennis-specific range. Can shif...)",0.591864857356467,1,0,0.5173465488452156,0,1,1.101406953623348,1,0,0.41577228816553596,0,1,-1.0222816598987456,1,0,-0.9147408382800477,1,0,0.8774227985895208,1,0.964152992967812,0.9406569343065694,39.76999999999998,37.91,0.3333333333333333
serve,11539,S_039.jpeg,173.66,109.87,175.77,135.48,34.41,17.89,176.35,40,Moderate,"Right elbow overly flexed (Angle dropped to 110° during contact, below the 140° comfort range. Sustained sh...); Trunk leaning excessively (Torso lean measured at 176°, outside the 15°–65° tennis-specific range. Can shif...)",0.6999164662822287,1,0,0.0886427539071866,0,1,1.169944346231014,1,0,0.4020301689826493,0,1,-0.8314147998643968,0,1,-0.9261524441516762,1,0,0.9589399367812578,1,0.9824065169429201,0.8050263774912076,63.78999999999999,40.29000000000002,0.5
serve,11540,S_040.jpeg,164.52,88.05,177.69,152.4,51.63,7.49,160.22,40,Moderate,"Right elbow overly flexed (Angle dropped to 88° during contact, below the 140° comfort range. Sustained sha...); Trunk leaning excessively (Torso lean measured at 160°, outside the 15°–65° tennis-specific range. Can shif...)",0.5031850508277548,1,0,-0.4036897095426974,0,1,1.2406926224711843,1,0,0.8491775854719528,0,0,-0.4922272529302907,0,1,-1.2156175687002972,1,0,0.31122001607548594,1,0.920700654765236,0.5739895697522815,76.47000000000001,25.289999999999992,0.3333333333333333
serve,11541,S_041.jpeg,177.27,24.88,163.35,133.05,118.78,25.23,156.44,40,Moderate,"Right elbow overly flexed (Angle dropped to 25° during contact, below the 140° comfort range. Sustained sha...); Trunk leaning excessively (Torso lean measured at 156°, outside the 15°–65° tennis-specific range. Can shif...)",0.7776189181192807,1,0,-1.8290170109235022,1,0,0.7122914343024084,1,0,0.33781218895493087,0,1,0.8304466016937059,0,1,-0.7218568658644763,1,0,0.15942948289087222,0,1.078612716763006,0.1856023871689668,152.39000000000001,30.299999999999983,0.3333333333333333
serve,11542,S_042.jpeg,169.23,46.88,130.43,97.68,149.22,61.03,178.84,40,Moderate,"Right elbow overly flexed (Angle dropped to 47° during contact, below the 140° comfort range. Sustained sha...); Trunk leaning excessively (Torso lean measured at 179°, outside the 15°–65° tennis-specific range. Can shif...)",0.6045641500389768,1,0,-1.332623143100521,0,1,-0.5007467187321867,0,1,-0.5969161870040909,0,1,1.4300324860534148,0,1,0.27457115902404666,0,1,1.058928938799694,1,1.287605569504679,0.47507093635995135,122.35,32.75,0.8333333333333334
serve,11545,S_045.jpeg,168.6,68.5,98.55,89.83,158.58,82.91,169.25,40,Moderate,"Right elbow overly flexed (Angle dropped to 68° during contact, below the 140° comfort range. Sustained sha...); Trunk leaning excessively (Torso lean measured at 169°, outside the 15°–65° tennis-specific range. Can shif...)",0.5910038883610427,1,0,-0.8448033511763008,0,1,-1.6754628888033567,0,1,-0.804369332361126,0,1,1.6143992363033124,0,0,0.8835612479782611,0,1,0.6738307342387297,1,1.6936212958312407,0.754156115820764,100.1,8.719999999999999,0.6666666666666666
serve,11552,S_052.jpeg,177.74,92.43,177.57,142.64,62.26,15.78,169.21,40,Moderate,"Right elbow overly flexed (Angle dropped to 92° during contact, below the 140° comfort range. Sustained sha...); Trunk leaning excessively (Torso lean measured at 169°, outside the 15°–65° tennis-specific range. Can shif...)",0.7877353038155174,1,0,-0.3048622031306673,0,1,1.2362708552061736,1,0,0.5912485792700848,0,1,-0.2828449286614437,0,1,-0.984880464612983,1,0,0.6722244852103214,1,0.9953519628157026,0.6434837092731831,85.31,34.93000000000001,0.5
serve,11553,S_053.jpeg,175.52,50.09,154.6,135.83,129.38,4.43,168.97,40,Moderate,"Right elbow overly flexed (Angle dropped to 50° during contact, below the 140° comfort range. Sustained sha...); Trunk leaning excessively (Torso lean measured at 169°, outside the 15°–65° tennis-specific range. Can shif...)",0.7399515245694634,1,0,-1.2601947651136225,0,1,0.3898709045620466,0,0,0.41127967227882345,0,1,1.039238006891239,0,1,-1.3007871149617185,1,0,0.6625869910398694,1,1.1280205655526994,0.3660746912226851,125.43,18.769999999999982,0.5
serve,11555,S_055.jpeg,180.0,43.98,146.43,91.99,168.31,50.83,170.52,60,Moderate,"Right elbow overly flexed (Angle dropped to 44° during contact, below the 140° comfort range. Sustained sha...); Left shoulder in vulnerable position (Shoulder angle measured at 168°, exceeding the 160° safe limit. Overhead positio...); Trunk leaning excessively (Torso lean measured at 171°, outside the 15°–65° tennis-specific range. Can shif...)",0.8363800520569955,1,0,-1.3980568802226414,0,0,0.0888222499359035,0,1,-0.747286683447598,0,1,1.8060539884327462,1,0,-0.009327328514024182,0,1,0.7248291408907035,1,1.2209184019534693,0.4729540810839875,136.02,54.44000000000001,0.5
serve,11557,S_057.jpeg,172.41,74.48,125.92,89.93,164.67,72.65,177.54,60,Moderate,"Right elbow overly flexed (Angle dropped to 74° during contact, below the 140° comfort range. Sustained sha...); Left shoulder in vulnerable position (Shoulder angle measured at 165°, exceeding the 160° safe limit. Overhead positio...); Trunk leaning excessively (Torso lean measured at 178°, outside the 15°–65° tennis-specific range. Can shif...)",0.6730111851752164,1,0,-0.7098744725589632,0,1,-0.6669314717755048,0,1,-0.8017266171336476,0,1,1.734355807780008,1,0,0.5979927693370254,0,1,1.0067258453764139,1,1.3584147494484715,0.8190916089299461,97.92999999999999,35.989999999999995,0.6666666666666666
serve,11564,S_064.jpeg,170.34,102.06,178.81,131.08,45.07,26.84,178.03,40,Moderate,"Right elbow overly flexed (Angle dropped to 102° during contact, below the 140° comfort range. Sustained sh...); Trunk leaning excessively (Torso lean measured at 178°, outside the 15°–65° tennis-specific range. Can shif...)",0.6284560396620041,1,0,-0.08757706916997168,0,1,1.2819624502779507,1,0,0.28575069897361133,0,1,-0.6214415565242359,0,1,-0.6770454379295455,1,0,1.0264023959744197,1,0.9473332962571603,0.7727135069654754,68.28,47.72999999999999,0.5
serve,11565,S_065.jpeg,172.02,76.1,170.59,134.09,102.99,15.86,171.54,40,Moderate,"Right elbow overly flexed (Angle dropped to 76° during contact, below the 140° comfort range. Sustained sha...); Trunk leaning excessively (Torso lean measured at 172°, outside the 15°–65° tennis-specific range. Can shif...)",0.6646167374698289,1,0,-0.6733218332010893,0,1,0.9790713926247195,1,0,0.3652964273207034,0,1,0.5194261971588896,0,1,-0.9826538098087628,1,0,0.7657884911151224,1,1.0025059735415818,0.5633281516026353,95.92000000000002,36.5,0.5
serve,11575,S_075.jpeg,179.54,115.37,162.84,136.57,32.08,24.69,167.94,40,Moderate,"Right elbow overly flexed (Angle dropped to 115° during contact, below the 140° comfort range. Sustained sh...); Trunk leaning excessively (Torso lean measured at 168°, outside the 15°–65° tennis-specific range. Can shif...)",0.8264789086096147,1,0,0.21274122086293182,0,1,0.6934989234261134,1,0,0.43083576496216125,0,1,-0.8773095144030999,0,1,-0.7368867857929623,1,0,0.6212260785583477,1,1.0958251953125,0.8386276077633206,64.16999999999999,26.27000000000001,0.5
serve,11577,S_077.jpeg,172.92,54.77,165.96,120.75,112.68,9.43,174.48,40,Moderate,"Right elbow overly flexed (Angle dropped to 55° during contact, below the 140° comfort range. Sustained sha...); Trunk leaning excessively (Torso lean measured at 174°, outside the 15°–65° tennis-specific range. Can shif...)",0.6839885398668772,1,0,-1.1545982514130975,0,1,0.8084648723163911,1,0,0.012758215975118104,0,1,0.7102930571932387,0,1,-1.1616211896979585,1,0,0.8838477947031551,1,1.0356971729755629,0.4498562628336756,118.14999999999998,45.21000000000001,0.5
serve,11579,S_079.jpeg,179.65,29.57,136.69,99.32,168.54,31.0,170.89,60,Moderate,"Right elbow overly flexed (Angle dropped to 30° during contact, below the 140° comfort range. Sustained sha...); Left shoulder in vulnerable position (Shoulder angle measured at 169°, exceeding the 160° safe limit. Overhead positio...); Trunk leaning excessively (Torso lean measured at 171°, outside the 15°–65° tennis-specific range. Can shif...)",0.8288465733470322,1,0,-1.723194863646694,1,0,-0.27007785974079673,0,1,-0.5535756572734496,0,1,1.8105843679794849,1,0,-0.561259388110097,0,1,0.7396869444034821,1,1.3047425375844288,0.2947567783094099,150.08,37.370000000000005,0.5
serve,11581,S_081.jpeg,151.44,63.26,121.69,87.53,147.9,75.87,171.82,40,Moderate,"Right elbow overly flexed (Angle dropped to 63° during contact, below the 140° comfort range. Sustained sha...); Trunk leaning excessively (Torso lean measured at 172°, outside the 15°–65° tennis-specific range. Can shif...)",0.22164818932397728,0,0,-0.9630353451486836,0,1,-0.8227987678671312,0,1,-0.8651517825931233,0,1,1.404032046915609,0,1,0.687615625206887,0,1,0.7770322343139827,1,1.2343304262776102,0.7145600361459392,88.18,34.16,0.8333333333333334
serve,11582,S_082.jpeg,164.39,76.89,144.58,117.61,81.83,43.02,165.96,40,Moderate,"Right elbow overly flexed (Angle dropped to 77° during contact, below the 140° comfort range. Sustained sha...); Trunk leaning excessively (Torso lean measured at 166°, outside the 15°–65° tennis-specific range. Can shif...)",0.500386901592625,1,0,-0.6554967806747185,0,1,0.02065333793365578,0,1,-0.07022304216769581,0,1,0.102631278858908,0,1,-0.22670450377601745,0,1,0.5417167516521219,1,1.1292073086962493,0.6482590000843099,87.49999999999999,26.970000000000013,0.8333333333333334
serve,11589,S_089.jpeg,172.27,79.53,168.19,132.2,98.53,14.33,168.49,40,Moderate,"Right elbow overly flexed (Angle dropped to 80° during contact, below the 140° comfort range. Sustained sha...); Trunk leaning excessively (Torso lean measured at 168°, outside the 15°–65° tennis-specific range. Can shif...)",0.6699977936912314,1,0,-0.5959295165359608,0,1,0.8906360473245059,1,0,0.31534910952136597,0,1,0.4315762285569087,0,1,-1.0252385829394735,1,0,0.6433120026989665,1,1.018204385601986,0.5970720720720721,92.74000000000001,35.99000000000001,0.5
serve,11592,S_092.jpeg,167.76,39.81,129.42,89.68,160.32,47.01,178.64,60,Moderate,"Right elbow overly flexed (Angle dropped to 40° during contact, below the 140° comfort range. Sustained sha...); Left shoulder in vulnerable position (Shoulder angle measured at 160°, exceeding the 160° safe limit. Overhead positio...); Trunk leaning excessively (Torso lean measured at 179°, outside the 15°–65° tennis-specific range. Can shif...)",0.5729235394571304,1,0,-1.4921460815327245,0,0,-0.5379632598793606,0,1,-0.8083334052023429,0,1,1.648672542439511,1,0,-0.11565009541553696,0,1,1.0508976936576504,1,1.2863057813218832,0.4390163211292457,127.94999999999999,39.73999999999998,0.5
serve,11593,S_093.jpeg,165.65,59.04,128.45,89.42,157.95,65.35,176.88,40,Moderate,"Right elbow overly flexed (Angle dropped to 59° during contact, below the 140° comfort range. Sustained sha...); Trunk leaning excessively (Torso lean measured at 177°, outside the 15°–65° tennis-specific range. Can shif...)",0.5275074249484938,1,0,-1.0582527143401825,0,1,-0.5737058786048636,0,1,-0.8152044647937863,0,1,1.6019899358057228,0,0,0.39481051845193527,0,1,0.980222736407672,1,1.2796446504441872,0.6529528865295289,106.61000000000001,39.02999999999999,0.6666666666666666
serve,11594,S_094.jpeg,162.12,66.83,142.53,97.52,133.8,50.66,176.46,40,Moderate,"Right elbow overly flexed (Angle dropped to 67° during contact, below the 140° comfort range. Sustained sha...); Trunk leaning excessively (Torso lean measured at 176°, outside the 15°–65° tennis-specific range. Can shif...)",0.45152691110229093,1,0,-0.8824841584155908,0,1,-0.0548851861769437,0,1,-0.6011445313680562,0,1,1.1263000833981354,0,1,-0.014058969972992075,0,1,0.963357121609382,1,1.1295199609837665,0.6783394234673162,95.29,45.010000000000005,0.8333333333333334
serve,11602,S_102.jpeg,174.79,105.71,174.99,146.15,57.77,20.29,176.63,40,Moderate,"Right elbow overly flexed (Angle dropped to 106° during contact, below the 140° comfort range. Sustained sh...); Trunk leaning excessively (Torso lean measured at 177°, outside the 15°–65° tennis-specific range. Can shif...)",0.7242388404029678,1,0,-0.005220813826613672,0,1,1.1412028590084446,1,0,0.6840078837545683,0,1,-0.37128581633473834,0,1,-0.8593528000250713,1,0,0.9701836799801181,1,0.9931814307631115,0.7183826027862724,69.08,28.840000000000003,0.5
serve,11603,S_103.jpeg,173.25,55.87,174.85,138.26,105.43,3.07,167.47,40,Moderate,"Right elbow overly flexed (Angle dropped to 56° during contact, below the 140° comfort range. Sustained sha...); Trunk leaning excessively (Torso lean measured at 167°, outside the 15°–65° tennis-specific range. Can shif...)",0.6910915340791288,1,0,-1.1297785580219486,0,1,1.1360441305325983,1,0,0.47549765230654195,0,1,0.5674876149590767,0,1,-1.3386402466334613,1,0,0.6023526524745465,1,0.9852146715951094,0.40119201493609075,117.38,36.59,0.5
serve,11608,S_108.jpeg,177.6,66.96,132.65,104.67,129.2,40.93,175.87,40,Moderate,"Right elbow overly flexed (Angle dropped to 67° during contact, below the 140° comfort range. Sustained sha...); Trunk leaning excessively (Torso lean measured at 176°, outside the 15°–65° tennis-specific range. Can shif...)",0.7847219123315317,1,0,-0.8795509219239096,0,1,-0.41894402432948924,0,1,-0.41219039260336837,0,1,1.0356924924633564,0,1,-0.2848758605362693,0,1,0.9396649484403549,1,1.3288439955106621,0.6336708621179142,110.64,27.980000000000004,0.8333333333333334
serve,11619,S_119.jpeg,165.96,56.02,133.25,91.49,164.05,60.07,176.45,60,Moderate,"Right elbow overly flexed (Angle dropped to 56° during contact, below the 140° comfort range. Sustained sha...); Left shoulder in vulnerable position (Shoulder angle measured at 164°, exceeding the 160° safe limit. Overhead positio...); Trunk leaning excessively (Torso lean measured at 176°, outside the 15°–65° tennis-specific range. Can shif...)",0.5341799346630329,1,0,-1.126394054377701,0,1,-0.39683518800443607,0,1,-0.7605002595849887,0,1,1.7221434803061906,1,0,0.2478513013734047,0,1,0.9629555593522792,1,1.2362011173184357,0.6056871013082497,109.94,41.760000000000005,0.6666666666666666
serve,11620,S_120.jpeg,168.06,63.43,122.42,84.25,157.32,72.55,171.79,40,Moderate,"Right elbow overly flexed (Angle dropped to 63° during contact, below the 140° comfort range. Sustained sha...); Trunk leaning excessively (Torso lean measured at 172°, outside the 15°–65° tennis-specific range. Can shif...)",0.5793808069228136,1,0,-0.9591995743518696,0,1,-0.7958996836716495,0,1,-0.9518328420544067,0,1,1.5895806353081336,0,0,0.59520945083175,0,1,0.7758275475426761,1,1.3616917841516771,0.7440469208211143,104.63,38.17,0.6666666666666666
serve,11621,S_121.jpeg,176.51,55.73,144.64,118.85,95.4,30.25,171.28,40,Moderate,"Right elbow overly flexed (Angle dropped to 56° during contact, below the 140° comfort range. Sustained sha...); Trunk leaning excessively (Torso lean measured at 171°, outside the 15°–65° tennis-specific range. Can shif...)",0.7612605072062167,1,0,-1.132937428089913,0,1,0.02286422156616015,0,1,-0.0374533733469669,0,1,0.36992367211650506,0,1,-0.582134276899661,0,1,0.7553478724304667,1,1.2119609997253502,0.46499791405924074,120.78,25.789999999999992,0.8333333333333334
serve,11627,S_127.jpeg,178.28,139.97,176.12,140.43,30.68,13.19,166.6,40,Moderate,"Right elbow overly flexed (Angle dropped to 140° during contact, below the 140° comfort range. Sustained sh...); Trunk leaning excessively (Torso lean measured at 167°, outside the 15°–65° tennis-specific range. Can shif...)",0.7993583852537465,1,0,0.7677998185195376,0,0,1.1828411674206283,1,0,0.5328445727428182,0,1,-0.904885737731076,0,1,-1.0569684138996107,1,0,0.5674167361066591,1,1.0065492321589882,0.9896768719507884,38.31,35.69,0.3333333333333333
serve,11628,S_128.jpeg,176.08,128.63,170.43,144.48,31.48,3.46,177.61,40,Moderate,"Right elbow overly flexed (Angle dropped to 129° during contact, below the 140° comfort range. Sustained sh...); Trunk leaning excessively (Torso lean measured at 178°, outside the 15°–65° tennis-specific range. Can shif...)",0.752005090505405,1,0,0.5119313430144192,0,1,0.9731757029380388,1,0,0.6398745394556828,0,1,-0.8891278958293752,0,1,-1.327785304462888,1,0,1.0095367811761298,1,1.027124773960217,0.884176519109156,47.45000000000002,25.950000000000017,0.5
serve,11629,S_129.jpeg,179.53,64.31,174.0,152.85,53.17,26.36,160.85,40,Moderate,"Right elbow overly flexed (Angle dropped to 64° during contact, below the 140° comfort range. Sustained sha...); Trunk leaning excessively (Torso lean measured at 161°, outside the 15°–65° tennis-specific range. Can shif...)",0.8262636663607589,1,0,-0.9393438196389503,0,1,1.1047232790721062,1,0,0.8610698039956041,0,0,-0.461893407269517,0,1,-0.6904053667548664,1,0,0.3365184382729214,1,1.0258857142857143,0.41800454988625285,115.22,21.150000000000006,0.3333333333333333
serve,11630,S_130.jpeg,170.82,3.19,154.22,125.96,100.62,45.33,163.8,40,Moderate,"Right elbow overly flexed (Angle dropped to 3° during contact, below the 140° comfort range. Sustained shar...); Trunk leaning excessively (Torso lean measured at 164°, outside the 15°–65° tennis-specific range. Can shif...)",0.6387876676070966,1,0,-2.3184162378817046,1,0,0.3758686415561796,0,0,0.15044367932672956,0,1,0.4727435905251017,0,1,-0.1624098463041604,0,1,0.45497930411805704,1,1.100502512562814,0.025126023944549464,167.63,28.260000000000005,0.5
serve,11631,S_131.jpeg,169.37,62.61,135.07,119.47,137.37,67.05,170.72,40,Moderate,"Right elbow overly flexed (Angle dropped to 63° during contact, below the 140° comfort range. Sustained sha...); Trunk leaning excessively (Torso lean measured at 171°, outside the 15°–65° tennis-specific range. Can shif...)",0.6075775415229625,1,0,-0.9777015276070898,0,1,-0.32977171781844106,0,1,-0.021068538936602245,0,1,1.1966194528844742,0,1,0.4421269330416138,0,1,0.7328603860327461,1,1.244726978760932,0.5197144517307214,106.76,15.599999999999994,0.8333333333333334
serve,11632,S_132.jpeg,173.45,64.22,122.81,111.92,157.17,77.83,165.25,40,Moderate,"Right elbow overly flexed (Angle dropped to 64° during contact, below the 140° comfort range. Sustained sha...); Trunk leaning excessively (Torso lean measured at 165°, outside the 15°–65° tennis-specific range. Can shif...)",0.6953963790562505,1,0,-0.941374521825499,0,1,-0.7815289400603648,0,1,-0.22059353861120248,0,1,1.5866260399515646,0,0,0.7421686679102808,0,1,0.5132058313978687,1,1.4009369194733865,0.5687212185618137,109.22999999999999,10.89,0.6666666666666666
serve,11633,S_133.jpeg,156.01,70.56,114.59,110.06,156.78,85.6,161.18,40,Moderate,"Right elbow overly flexed (Angle dropped to 71° during contact, below the 140° comfort range. Sustained sha...); Trunk leaning excessively (Torso lean measured at 161°, outside the 15°–65° tennis-specific range. Can shif...)",0.32001389705121425,0,0,-0.7983228344619671,0,1,-1.0844199977135962,0,1,-0.26974804184229606,0,1,1.5789440920244857,0,0,0.958432515770164,0,1,0.34976999275729287,1,1.3496842287395103,0.6353322528363047,85.44999999999999,4.530000000000001,0.6666666666666666
serve,11634,S_134.jpeg,172.95,71.66,127.83,111.77,112.75,71.63,165.12,40,Moderate,"Right elbow overly flexed (Angle dropped to 72° during contact, below the 140° comfort range. Sustained sha...); Trunk leaning excessively (Torso lean measured at 165°, outside the 15°–65° tennis-specific range. Can shif...)",0.6846342666134456,1,0,-0.7735031410708182,0,1,-0.5965516761407517,0,1,-0.22455761145241987,0,1,0.7116718683596374,0,1,0.569602920583218,0,1,0.5079855220555409,1,1.3424668167352325,0.6354526913186131,101.28999999999999,16.060000000000002,0.8333333333333334
serve,11637,S_137.jpeg,130.25,140.82,152.85,79.05,33.07,16.72,175.92,65,Moderate,"Left elbow overly flexed (Angle dropped to 130° during contact, below the 140° comfort range. Sustained sh...); Right knee deep bend (Knee angle reached 79°, well below the 80° threshold. Deep flexion under load ca...); Trunk leaning excessively (Torso lean measured at 176°, outside the 15°–65° tennis-specific range. Can shif...)",-0.234450136002096,0,1,0.7869786725036072,0,0,0.32538679861397424,0,0,-1.0892540338832706,0,1,-0.8578091850497453,0,1,-0.9587172706633961,1,0,0.941672759725865,1,0.8466038349041274,1.759150530918176,10.569999999999993,73.8,0.5
serve,11639,S_139.jpeg,169.53,148.53,171.7,125.68,43.23,49.44,143.2,10,Low,"Trunk leaning excessively (Torso lean measured at 143°, outside the 15°–65° tennis-specific range. Can shif...)",0.6110214175046601,1,0,0.9609421598179338,0,0,1.0199727398260678,1,0,0.14304407668979108,0,1,-0.6576845928981474,0,1,-0.04801545573734953,0,1,-0.3722389455123781,0,0.9816444701795021,1.1724818440164193,21.0,46.01999999999998,0.5
serve,11642,S_142.jpeg,171.87,110.0,175.03,132.94,43.53,25.66,166.0,40,Moderate,"Right elbow overly flexed (Angle dropped to 110° during contact, below the 140° comfort range. Sustained sh...); Trunk leaning excessively (Torso lean measured at 166°, outside the 15°–65° tennis-specific range. Can shif...)",0.6613881037369872,1,0,0.09157599039886775,0,1,1.1426767814301144,1,0,0.33490520220470454,0,1,-0.6517754021850096,0,1,-0.7098885962917929,1,0,0.5433230006805302,1,0.9763676646026246,0.8212632522024788,61.870000000000005,42.09,0.5
serve,11644,S_144.jpeg,178.36,45.94,160.02,130.6,134.2,3.1,171.49,40,Moderate,"Right elbow overly flexed (Angle dropped to 46° during contact, below the 140° comfort range. Sustained sha...); Trunk leaning excessively (Torso lean measured at 171°, outside the 15°–65° tennis-specific range. Can shif...)",0.8010803232445955,1,0,-1.3538326992711394,0,1,0.5895873926983627,1,0,0.2730656658817157,0,1,1.1341790043489852,0,1,-1.3378052510818788,1,0,0.7637806798296123,1,1.1076884859023723,0.34908814589665654,132.42000000000002,29.420000000000016,0.5
serve,11646,S_146.jpeg,175.91,39.93,138.92,96.91,170.83,35.95,167.55,60,Moderate,"Right elbow overly flexed (Angle dropped to 40° during contact, below the 140° comfort range. Sustained sha...); Left shoulder in vulnerable position (Shoulder angle measured at 171°, exceeding the 160° safe limit. Overhead positio...); Trunk leaning excessively (Torso lean measured at 168°, outside the 15°–65° tennis-specific range. Can shif...)",0.748345972274851,1,0,-1.4894384786173263,0,0,-0.18790668473268204,0,1,-0.617265094255673,0,1,1.8556911904231033,1,0,-0.4234851220989743,0,1,0.6055651505313643,1,1.2572184105202975,0.40782351138800943,135.98,42.00999999999999,0.5
serve,11647,S_147.jpeg,166.39,53.43,119.14,82.41,171.82,58.98,169.29,60,Moderate,"Right elbow overly flexed (Angle dropped to 53° during contact, below the 140° comfort range. Sustained sha...); Left shoulder in vulnerable position (Shoulder angle measured at 172°, exceeding the 160° safe limit. Overhead positio...); Trunk leaning excessively (Torso lean measured at 169°, outside the 15°–65° tennis-specific range. Can shif...)",0.5434353513638447,1,0,-1.1848331506350427,0,1,-0.9167613222486081,0,1,-1.0004588022400047,0,1,1.8751915197764575,1,0,0.21751312966590486,0,1,0.675436983267138,1,1.384967537872482,0.6405706749790193,112.95999999999998,36.730000000000004,0.6666666666666666
serve,11649,S_149.jpeg,174.73,148.54,169.81,126.34,39.9,40.57,152.2,10,Low,"Trunk leaning excessively (Torso lean measured at 152°, outside the 15°–65° tennis-specific range. Can shif...)",0.7229473869098312,1,0,0.9611677933942169,0,0,0.9503299054021501,1,0,0.16048599719114678,0,1,-0.7232766098139762,0,1,-0.29489580715526004,0,1,-0.010832914120440832,0,1.0229494760259936,1.1664834301869011,26.189999999999998,43.47,0.5
serve,11650,S_150.jpeg,105.71,66.97,169.61,145.19,4.4,6.27,168.18,70,High,"Left elbow overly flexed (Angle dropped to 106° during contact, below the 140° comfort range. Sustained sh...); Right elbow overly flexed (Angle dropped to 67° during contact, below the 140° comfort range. Sustained sha...); Trunk leaning excessively (Torso lean measured at 168°, outside the 15°–65° tennis-specific range. Can shif...)",-0.7626546146949625,0,1,-0.8793252883476264,0,1,0.9429602932937994,1,0,0.6586378175707779,0,1,-1.4225308442019415,1,0,-1.2495740544646547,1,0,0.6308635727287997,1,0.6196002578981301,0.4581024693891511,38.739999999999995,24.420000000000016,0.5
serve,11653,S_153.jpeg,169.0,141.7,168.69,131.52,40.44,34.58,157.6,10,Low,"Trunk leaning excessively (Torso lean measured at 158°, outside the 15°–65° tennis-specific range. Can shif...)",0.5996135783152868,1,0,0.8068344272165263,0,0,0.9090600775953837,1,0,0.29737864597451513,0,1,-0.7126400665303283,0,1,-0.46161658562124475,0,1,0.20601070471472177,0,0.9959337615652072,1.0692725626320554,27.30000000000001,37.16999999999999,0.5
serve,11654,S_154.jpeg,166.33,143.55,167.15,128.93,44.61,39.03,164.01,10,Low,"Trunk leaning excessively (Torso lean measured at 164°, outside the 15°–65° tennis-specific range. Can shif...)",0.5421438978707087,1,0,0.8485766388289139,0,0,0.8523140643610803,1,0,0.22893232158283094,0,1,-0.6305023156177137,0,1,-0.3377589121364981,0,1,0.4634121115172014,1,0.9891763306571514,1.1048256753636574,22.78,38.22,0.5
serve,11655,S_155.jpeg,178.26,150.33,177.65,137.07,46.18,43.19,169.13,10,Low,"Trunk leaning excessively (Torso lean measured at 169°, outside the 15°–65° tennis-specific range. Can shif...)",0.798927900756034,1,0,1.0015562035489054,0,0,1.2392187000495145,1,0,0.444049341099552,0,1,-0.5995775508856263,0,1,-0.22197286231704974,0,1,0.6690119871535037,1,0.9978169605373635,1.0887955384949666,27.92999999999998,40.58000000000001,0.5
serve,11656,S_156.jpeg,170.41,143.51,176.69,138.64,52.0,39.89,178.33,10,Low,"Trunk leaning excessively (Torso lean measured at 178°, outside the 15°–65° tennis-specific range. Can shif...)",0.6299627354039966,1,0,0.8476741045237808,0,0,1.2038445619294287,1,0,0.4855399701709588,0,1,-0.4849392510507542,0,1,-0.31382237299113136,0,1,1.0384492636874847,1,0.9590297709494062,1.0277141220280723,26.900000000000006,38.05000000000001,0.5
serve,11657,S_157.jpeg,178.48,125.97,174.6,129.14,35.33,29.39,154.64,40,Moderate,"Right elbow overly flexed (Angle dropped to 126° during contact, below the 140° comfort range. Sustained sh...); Trunk leaning excessively (Torso lean measured at 155°, outside the 15°–65° tennis-specific range. Can shif...)",0.8036632302308683,1,0,0.4519128117230952,0,1,1.1268321153971592,1,0,0.23448202356053452,0,1,-0.8132932816774411,0,1,-0.6060708160450278,1,0,0.0871482766124843,0,1.0164009111617311,0.9679575841401569,52.50999999999999,45.46000000000001,0.5
serve,11658,S_158.jpeg,175.75,105.42,172.54,123.19,50.44,30.35,161.13,40,Moderate,"Right elbow overly flexed (Angle dropped to 105° during contact, below the 140° comfort range. Sustained sh...); Trunk leaning excessively (Torso lean measured at 161°, outside the 15°–65° tennis-specific range. Can shif...)",0.7449020962931535,1,0,-0.011764187538825514,0,1,1.0509251106811426,1,0,0.0772404675255849,0,1,-0.5156670427590705,0,1,-0.5793509583943858,0,1,0.3477621814717817,1,1.0127348161807077,0.8488606167968435,70.33,49.349999999999994,0.6666666666666666
serve,11659,S_159.jpeg,170.13,67.01,166.66,138.37,93.37,14.52,174.82,40,Moderate,"Right elbow overly flexed (Angle dropped to 67° during contact, below the 140° comfort range. Sustained sha...); Trunk leaning excessively (Torso lean measured at 175°, outside the 15°–65° tennis-specific range. Can shif...)",0.6239359524360258,1,0,-0.8784227540424935,0,1,0.8342585146956196,1,0,0.4784046390567683,0,1,0.3299381482909397,0,1,-1.0199502777794505,1,0,0.8975009114446284,1,1.0147321961111775,0.4808064863313482,103.11999999999999,28.289999999999992,0.5
serve,11662,S_162.jpeg,170.14,47.15,131.63,91.79,165.77,52.77,172.84,60,Moderate,"Right elbow overly flexed (Angle dropped to 47° during contact, below the 140° comfort range. Sustained sha...); Left shoulder in vulnerable position (Shoulder angle measured at 166°, exceeding the 160° safe limit. Overhead positio...); Trunk leaning excessively (Torso lean measured at 173°, outside the 15°–65° tennis-specific range. Can shif...)",0.6241511946848818,1,0,-1.3265310365408756,0,1,-0.45652904608208034,0,1,-0.752572113902554,0,1,1.7560228403948468,1,0,0.044669050488314904,0,1,0.8179915845384026,1,1.2828168589308602,0.5081366526565362,122.98999999999998,39.83999999999999,0.6666666666666666
serve,11664,S_164.jpeg,171.89,117.9,164.12,130.33,105.64,23.5,170.55,40,Moderate,"Right elbow overly flexed (Angle dropped to 118° during contact, below the 140° comfort range. Sustained sh...); Trunk leaning excessively (Torso lean measured at 171°, outside the 15°–65° tennis-specific range. Can shif...)",0.6618185882346991,1,0,0.26982651566257465,0,1,0.7406644409195606,1,0,0.2659303347675252,0,1,0.5716240484582731,0,1,-0.7700082760057373,1,0,0.72603382766201,1,1.0410004844961238,0.897738521282266,53.98999999999998,33.78999999999999,0.5
serve,11665,S_165.jpeg,168.74,70.22,140.22,94.69,127.07,50.76,179.8,40,Moderate,"Right elbow overly flexed (Angle dropped to 70° during contact, below the 140° comfort range. Sustained sha...); Trunk leaning excessively (Torso lean measured at 180°, outside the 15°–65° tennis-specific range. Can shif...)",0.5940172798450284,1,0,-0.8059943760555951,0,1,-0.1400042060283993,0,1,-0.6759333723056878,0,1,0.9937372384000785,0,1,-0.011275651467716832,0,1,1.0974789154815012,1,1.1948732474153803,0.7338279862054551,98.52000000000001,45.53,0.8333333333333334
serve,11670,S_170.jpeg,167.5,51.04,141.08,113.42,145.8,6.74,178.18,40,Moderate,"Right elbow overly flexed (Angle dropped to 51° during contact, below the 140° comfort range. Sustained sha...); Trunk leaning excessively (Torso lean measured at 178°, outside the 15°–65° tennis-specific range. Can shif...)",0.5673272409868719,1,0,-1.238759575366721,0,1,-0.10831487396248896,0,1,-0.18095281019903026,0,1,1.3626677119236448,0,1,-1.2364924574898613,1,0,1.0324258298309523,1,1.1789132882882882,0.4460758608634854,116.46000000000001,27.66000000000001,0.6666666666666666
serve,11673,S_173.jpeg,128.88,61.39,98.56,100.4,151.94,64.7,169.38,70,High,"Left elbow overly flexed (Angle dropped to 129° during contact, below the 140° comfort range. Sustained sh...); Right elbow overly flexed (Angle dropped to 61° during contact, below the 140° comfort range. Sustained sha...); Trunk leaning excessively (Torso lean measured at 169°, outside the 15°–65° tennis-specific range. Can shif...)",-0.26393832409538165,0,1,-1.0052288239136369,0,1,-1.675094408197939,0,1,-0.5250343328166852,0,1,1.483609148519197,0,0,0.37671894816764667,0,1,0.6790510435810575,1,1.2944957814383287,0.6054240631163708,67.49,1.8400000000000034,0.8333333333333334
serve,11674,S_174.jpeg,176.01,82.87,108.57,106.71,136.77,53.13,163.36,40,Moderate,"Right elbow overly flexed (Angle dropped to 83° during contact, below the 140° comfort range. Sustained sha...); Trunk leaning excessively (Torso lean measured at 163°, outside the 15°–65° tennis-specific range. Can shif...)",0.7504983947634118,1,0,-0.5205679020573809,0,1,-1.3062453221749655,0,1,-0.3582790019628143,0,1,1.184801071458199,0,1,0.05468899710730562,0,1,0.4373105648055624,1,1.6063703568495027,0.7693807445919599,93.13999999999999,1.8599999999999994,0.8333333333333334
serve,11677,S_177.jpeg,136.01,175.43,169.42,38.61,32.92,94.17,144.42,65,Moderate,"Left elbow overly flexed (Angle dropped to 136° during contact, below the 140° comfort range. Sustained sh...); Right knee deep bend (Knee angle reached 39°, well below the 80° threshold. Deep flexion under load ca...); Trunk leaning excessively (Torso lean measured at 144°, outside the 15°–65° tennis-specific range. Can shif...)",-0.1104706006609833,0,0,1.5678964800196697,1,0,0.9359591617908649,1,0,-2.1579680718754344,0,1,-0.8607637804063142,0,1,1.196962911672249,0,1,-0.3232483501459156,0,0.7980870789813402,4.4289320878566025,39.420000000000016,130.81,0.5
serve,11678,S_178.jpeg,154.5,139.09,154.37,10.62,29.53,84.34,134.43,65,Moderate,"Right elbow overly flexed (Angle dropped to 139° during contact, below the 140° comfort range. Sustained sh...); Right knee deep bend (Knee angle reached 11°, well below the 80° threshold. Deep flexion under load ca...); Trunk leaning excessively (Torso lean measured at 134°, outside the 15°–65° tennis-specific range. Can shif...)",0.28751231747394357,0,0,0.7479440638066185,0,0,0.3813958506374432,0,0,-2.8976640640465683,1,0,-0.9275376354647706,1,0,0.9233627026036967,0,1,-0.7244090449909651,0,0.9944004634099247,11.96987951807229,15.409999999999997,143.75,0.16666666666666666
serve,11679,S_179.jpeg,179.01,139.19,171.48,114.24,39.81,40.02,149.43,40,Moderate,"Right elbow overly flexed (Angle dropped to 139° during contact, below the 140° comfort range. Sustained sh...); Trunk leaning excessively (Torso lean measured at 149°, outside the 15°–65° tennis-specific range. Can shif...)",0.8150710694202414,1,0,0.7502003995694501,0,0,1.0118661665068815,1,0,-0.15928254533370959,0,1,-0.7250493670279174,0,1,-0.31020405893427355,0,1,-0.12206565933773636,0,1.0378594619666048,1.2078271433530026,39.81999999999999,57.239999999999995,0.5
serve,11680,S_180.jpeg,179.67,148.03,171.12,125.78,38.69,42.81,157.53,10,Low,"Trunk leaning excessively (Torso lean measured at 158°, outside the 15°–65° tennis-specific range. Can shif...)",0.8292770578447439,1,0,0.9496604810037752,0,0,0.9986008647118501,1,0,0.14568679191726908,0,1,-0.7471103456902984,0,1,-0.23254947263709538,0,1,0.203199768915007,0,1.0438647455263768,1.1676131882000316,31.639999999999986,45.34,0.5
serve,11682,S_182.jpeg,177.98,151.59,178.53,137.85,50.04,43.81,178.73,10,Low,"Trunk leaning excessively (Torso lean measured at 179°, outside the 15°–65° tennis-specific range. Can shif...)",0.7929011177880633,1,0,1.0299860341605849,0,0,1.2716449933262592,1,0,0.4646625198738816,0,1,-0.5235459637099208,0,1,-0.20471628758434335,0,1,1.05451175397157,1,0.9913663454575836,1.0917536910334895,26.389999999999986,40.68000000000001,0.5
serve,11683,S_183.jpeg,170.07,137.15,152.13,128.29,108.94,42.08,175.44,40,Moderate,"Right elbow overly flexed (Angle dropped to 137° during contact, below the 140° comfort range. Sustained sh...); Trunk leaning excessively (Torso lean measured at 175°, outside the 15°–65° tennis-specific range. Can shif...)",0.6226444989428892,1,0,0.7041711500076829,0,0,0.2988561950239102,0,0,0.2120189441269704,0,1,0.6366251463027881,0,1,-0.25286769772560447,0,1,0.922397771384962,1,1.1106249591850061,1.0607935648542037,32.91999999999999,23.840000000000003,0.5
serve,11684,S_184.jpeg,175.5,150.3,170.21,133.24,51.09,42.87,168.23,10,Low,"Trunk leaning excessively (Torso lean measured at 168°, outside the 15°–65° tennis-specific range. Can shif...)",0.739521040071751,1,0,1.0008793028200558,0,0,0.9650691296188526,1,0,0.34283334788713926,0,1,-0.5028637962139386,0,1,-0.2308794815339304,0,1,0.6328713840143098,1,1.0250569476082003,1.1196364719904648,25.19999999999999,36.97,0.5
serve,11686,S_186.jpeg,179.53,14.19,128.96,100.64,165.57,7.23,166.23,60,Moderate,"Right elbow overly flexed (Angle dropped to 14° during contact, below the 140° comfort range. Sustained sha...); Left shoulder in vulnerable position (Shoulder angle measured at 166°, exceeding the 160° safe limit. Overhead positio...); Trunk leaning excessively (Torso lean measured at 166°, outside the 15°–65° tennis-specific range. Can shif...)",0.8262636663607589,1,0,-2.070219303970214,1,0,-0.5549133677285675,0,1,-0.5186918162707378,0,1,1.7520833799194213,1,0,-1.222854196814013,1,0,0.5525589325938792,1,1.3814250538627268,0.1396103896103896,165.34,28.320000000000007,0.3333333333333333
serve,11687,S_187.jpeg,170.54,43.67,119.32,88.24,165.96,42.95,168.24,60,Moderate,"Right elbow overly flexed (Angle dropped to 44° during contact, below the 140° comfort range. Sustained sha...); Left shoulder in vulnerable position (Shoulder angle measured at 166°, exceeding the 160° safe limit. Overhead positio...); Trunk leaning excessively (Torso lean measured at 168°, outside the 15°–65° tennis-specific range. Can shif...)",0.6327608846391258,1,0,-1.4050515210874197,0,0,-0.9101286713510923,0,1,-0.8463885044780286,0,1,1.7597653278465006,1,0,-0.2286528267297101,0,1,0.6332729462714127,1,1.4173869680851063,0.4893545495293591,126.86999999999999,31.08,0.5
serve,11695,S_195.jpeg,169.5,140.55,178.53,142.88,61.04,34.81,176.41,10,Low,"Trunk leaning excessively (Torso lean measured at 176°, outside the 15°–65° tennis-specific range. Can shif...)",0.6103756907580917,1,0,0.780886565943962,0,0,1.2716449933262592,1,0,0.5975910958160325,0,1,-0.3068756375615371,0,1,-0.4552149530591117,0,1,0.9613493103238708,1,0.9441318999610093,0.9768557130942453,28.94999999999999,35.650000000000006,0.5
serve,11696,S_196.jpeg,166.48,134.28,173.21,141.13,76.31,32.8,160.67,40,Moderate,"Right elbow overly flexed (Angle dropped to 134° during contact, below the 140° comfort range. Sustained sh...); Trunk leaning excessively (Torso lean measured at 161°, outside the 15°–65° tennis-specific range. Can shif...)",0.5453725316035497,1,0,0.6394143136144121,0,1,1.0756133112441195,1,0,0.551343579335165,0,1,-0.006097830262826261,0,1,-0.5111596550151434,0,1,0.3292903176450823,1,0.9556282647379598,0.9447688735664533,32.19999999999999,32.08000000000001,0.6666666666666666
serve,11697,S_197.jpeg,174.21,101.42,153.16,118.4,121.23,13.39,172.53,40,Moderate,"Right elbow overly flexed (Angle dropped to 101° during contact, below the 140° comfort range. Sustained sh...); Trunk leaning excessively (Torso lean measured at 173°, outside the 15°–65° tennis-specific range. Can shif...)",0.7117547899693144,1,0,-0.10201761805209478,0,1,0.33680969738191857,0,0,-0.04934559187061827,0,1,0.8787049925176641,0,1,-1.0514017768890602,1,0,0.8055431545682358,1,1.130059678256357,0.8494137353433836,72.79,34.75999999999999,0.5
serve,11698,S_198.jpeg,171.33,31.66,129.67,118.35,148.75,25.66,173.93,40,Moderate,"Right elbow overly flexed (Angle dropped to 32° during contact, below the 140° comfort range. Sustained sha...); Trunk leaning excessively (Torso lean measured at 174°, outside the 15°–65° tennis-specific range. Can shif...)",0.6497650222987581,1,0,-1.6760374462035108,0,0,-0.5287512447439217,0,1,-0.05066694948435765,0,1,1.4207747539361657,0,1,-0.7098885962917929,1,0,0.8617618705625374,1,1.3111655314915438,0.26527021365731046,139.67000000000002,11.319999999999993,0.5
serve,11702,S_202.jpeg,157.65,66.51,100.97,97.49,166.3,65.36,170.5,60,Moderate,"Right elbow overly flexed (Angle dropped to 67° during contact, below the 140° comfort range. Sustained sha...); Left shoulder in vulnerable position (Shoulder angle measured at 166°, exceeding the 160° safe limit. Overhead positio...); Trunk leaning excessively (Torso lean measured at 171°, outside the 15°–65° tennis-specific range. Can shif...)",0.3553136258636148,0,0,-0.8897044328566521,0,1,-1.5862905822923081,0,1,-0.6019373459362998,0,1,1.7664624106547235,1,0,0.39508885030246294,0,1,0.7240260163764988,1,1.5460429538099443,0.6752969844654281,91.14,3.480000000000004,0.6666666666666666
serve,11703,S_203.jpeg,146.89,67.42,98.84,100.57,160.55,67.32,165.18,60,Moderate,"Right elbow overly flexed (Angle dropped to 67° during contact, below the 140° comfort range. Sustained sha...); Left shoulder in vulnerable position (Shoulder angle measured at 161°, exceeding the 160° safe limit. Overhead positio...); Trunk leaning excessively (Torso lean measured at 165°, outside the 15°–65° tennis-specific range. Can shif...)",0.12371296609445208,0,0,-0.8691717774148835,0,1,-1.6647769512462474,0,1,-0.5205417169299728,0,1,1.6532029219862503,1,0,0.4496418930058567,0,1,0.5103948955981539,1,1.4712540064102562,0.6637786748055529,79.46999999999998,1.7299999999999898,0.6666666666666666
serve,11705,S_205.jpeg,166.65,64.39,93.64,90.99,158.46,60.64,176.76,40,Moderate,"Right elbow overly flexed (Angle dropped to 64° during contact, below the 140° comfort range. Sustained sha...); Trunk leaning excessively (Torso lean measured at 177°, outside the 15°–65° tennis-specific range. Can shif...)",0.5490316498341037,1,0,-0.937538751028685,0,1,-1.8563868660633769,0,1,-0.7737138357223795,0,1,1.6120355600180574,0,0,0.26371621685347335,0,1,0.975403989322446,1,1.760883347421809,0.6999673877595392,102.26,2.6500000000000057,0.6666666666666666
serve,11716,S_216.jpeg,172.79,77.44,112.48,108.23,126.79,48.8,161.13,40,Moderate,"Right elbow overly flexed (Angle dropped to 77° during contact, below the 140° comfort range. Sustained sha...); Trunk leaning excessively (Torso lean measured at 161°, outside the 15°–65° tennis-specific range. Can shif...)",0.681190390631748,1,0,-0.6430869339791441,0,1,-1.1621694054567004,0,1,-0.3181097305051462,0,1,0.9882219937344836,0,1,-0.06582869417111084,0,1,0.3477621814717817,1,1.5226471624955937,0.7089627391742195,95.35,4.25,0.8333333333333334
serve,11717,S_217.jpeg,173.85,143.49,178.57,135.04,57.9,41.55,179.69,10,Low,"Trunk leaning excessively (Torso lean measured at 180°, outside the 15°–65° tennis-specific range. Can shif...)",0.7040060690104946,1,0,0.8472228373712148,0,0,1.2731189157479292,1,0,0.3904022219817455,0,1,-0.36872516702571206,0,1,-0.2676192858035631,0,1,1.093061730653377,1,0.9681461268586067,1.0547633049103207,30.359999999999985,43.53,0.5
serve,11718,S_218.jpeg,167.02,117.51,155.4,124.92,122.42,33.24,171.65,40,Moderate,"Right elbow overly flexed (Angle dropped to 118° during contact, below the 140° comfort range. Sustained sh...); Trunk leaning excessively (Torso lean measured at 172°, outside the 15°–65° tennis-specific range. Can shif...)",0.5569956130417795,1,0,0.2610268061875309,0,1,0.4193493529954515,0,0,0.122959440960957,0,1,0.9021447823464438,0,1,-0.4989130535919324,0,1,0.7702056759432466,1,1.0679028132992328,0.9332115628970775,49.510000000000005,30.480000000000004,0.6666666666666666
serve,11720,S_220.jpeg,177.61,26.29,129.71,100.02,169.77,31.43,168.69,60,Moderate,"Right elbow overly flexed (Angle dropped to 26° during contact, below the 140° comfort range. Sustained sha...); Left shoulder in vulnerable position (Shoulder angle measured at 170°, exceeding the 160° safe limit. Overhead positio...); Trunk leaning excessively (Torso lean measured at 169°, outside the 15°–65° tennis-specific range. Can shif...)",0.7849371545803882,1,0,-1.7972026766675748,1,0,-0.5272773223222507,0,1,-0.5350766506811024,0,1,1.83481204990335,1,0,-0.5492911185374136,0,1,0.651343247841009,1,1.3588095784561243,0.26024549594139773,151.32000000000002,29.690000000000012,0.5
serve,11723,S_223.jpeg,172.05,53.37,132.7,105.13,115.87,14.48,174.03,40,Moderate,"Right elbow overly flexed (Angle dropped to 53° during contact, below the 140° comfort range. Sustained sha...); Trunk leaning excessively (Torso lean measured at 174°, outside the 15°–65° tennis-specific range. Can shif...)",0.6652624642163971,1,0,-1.1861869520927417,0,1,-0.4171016213024021,0,1,-0.400033902556969,0,1,0.77312745177627,0,1,-1.0210636051815607,1,0,0.8657774931335587,1,1.2868362004487661,0.5028738339771978,118.68,27.569999999999993,0.6666666666666666
serve,11726,S_226.jpeg,142.45,66.04,159.15,32.35,15.61,36.81,159.16,65,Moderate,"Right elbow overly flexed (Angle dropped to 66° during contact, below the 140° comfort range. Sustained sha...); Right knee deep bend (Knee angle reached 32°, well below the 80° threshold. Deep flexion under load ca...); Trunk leaning excessively (Torso lean measured at 159°, outside the 15°–65° tennis-specific range. Can shif...)",0.02814540760234427,0,0,-0.9003092109419613,0,1,0.5575295800270351,0,0,-2.323402045115566,0,1,-1.2017240845543615,1,0,-0.3995485829536076,0,1,0.26865441682265767,0,0.8894786137995628,1.9802098950524738,76.40999999999998,126.80000000000001,0.5
serve,11727,S_227.jpeg,147.77,71.6,164.7,129.25,29.12,11.58,158.4,40,Moderate,"Right elbow overly flexed (Angle dropped to 72° during contact, below the 140° comfort range. Sustained sha...); Trunk leaning excessively (Torso lean measured at 158°, outside the 15°–65° tennis-specific range. Can shif...)",0.1426542839937893,0,0,-0.7748569425285172,0,1,0.7620363160337783,1,0,0.23738901031076085,0,1,-0.9356135294393921,1,0,-1.1017798418345415,1,0,0.23813568528289444,0,0.8917923958961981,0.5497120921305182,76.17000000000002,35.44999999999999,0.3333333333333333
serve,11728,S_228.jpeg,164.36,130.96,163.13,47.79,33.31,32.75,172.71,65,Moderate,"Right elbow overly flexed (Angle dropped to 131° during contact, below the 140° comfort range. Sustained sh...); Right knee deep bend (Knee angle reached 48°, well below the 80° threshold. Deep flexion under load ca...); Trunk leaning excessively (Torso lean measured at 173°, outside the 15°–65° tennis-specific range. Can shif...)",0.49974117484605723,1,0,0.5645039662883988,0,1,0.7041848609832222,1,0,-1.91536681399294,0,1,-0.8530818324792351,0,1,-0.5125513142677809,0,1,0.8127712751960748,1,1.001401328215439,2.6841565894650543,33.400000000000006,115.34,0.6666666666666666
serve,11735,S_235.jpeg,157.85,154.41,161.53,13.5,37.05,80.59,155.61,35,Low,"Right knee deep bend (Knee angle reached 14°, well below the 80° threshold. Deep flexion under load ca...); Trunk leaning excessively (Torso lean measured at 156°, outside the 15°–65° tennis-specific range. Can shif...)",0.3596184708407365,0,0,1.0936147026724397,0,0,0.6452279641164134,1,0,-2.821553865495198,1,0,-0.7794139215887848,0,1,0.8189882586558765,0,1,0.12609981555139418,0,0.9712053159416723,10.648965517241379,3.4399999999999977,148.03,0.3333333333333333
serve,11736,S_236.jpeg,160.0,139.86,158.41,9.16,32.02,79.99,139.63,65,Moderate,"Right elbow overly flexed (Angle dropped to 140° during contact, below the 140° comfort range. Sustained sh...); Right knee deep bend (Knee angle reached 9°, well below the 80° threshold. Deep flexion under load can...); Trunk leaning excessively (Torso lean measured at 140°, outside the 15°–65° tennis-specific range. Can shif...)",0.4058955543447979,0,0,0.7653178491804231,0,0,0.5302620152261357,0,0,-2.9362477063677495,1,0,-0.8784913525457274,0,1,0.8022883476242251,0,1,-0.5155966712978464,0,1.003701147983188,13.765748031496065,20.139999999999986,149.25,0.3333333333333333
serve,11737,S_237.jpeg,154.9,136.97,172.56,5.3,33.86,83.41,137.42,65,Moderate,"Right elbow overly flexed (Angle dropped to 137° during contact, below the 140° comfort range. Sustained sh...); Right knee deep bend (Knee angle reached 5°, well below the 80° threshold. Deep flexion under load can...); Trunk leaning excessively (Torso lean measured at 137°, outside the 15°–65° tennis-specific range. Can shif...)",0.2961220074281876,0,0,0.7001097456345857,0,0,1.051662071891978,1,0,-3.038256514148406,1,0,-0.842248316171816,0,1,0.8974778405046371,0,1,-0.6043419301174223,0,0.8924867480986403,21.74126984126984,17.930000000000007,167.26,0.3333333333333333
serve,11744,S_244.jpeg,171.48,170.2,158.47,145.08,11.89,3.94,161.1,10,Low,"Trunk leaning excessively (Torso lean measured at 161°, outside the 15°–65° tennis-specific range. Can shif...)",0.6529936560315991,1,0,1.4498901196235698,1,0,0.532472898858641,0,0,0.6557308308205523,0,1,-1.2749980493972695,1,0,-1.3144253756375672,1,0,0.34655749470047514,1,1.075311970903618,1.165115005476451,1.2800000000000011,13.389999999999986,0.16666666666666666
serve,11747,S_247.jpeg,45.61,173.86,114.19,115.59,35.89,168.54,140.12,60,Moderate,"Left elbow overly flexed (Angle dropped to 46° during contact, below the 140° comfort range. Sustained sha...); Right shoulder in vulnerable position (Shoulder angle measured at 169°, exceeding the 160° safe limit. Overhead positio...); Trunk leaning excessively (Torso lean measured at 140°, outside the 15°–65° tennis-specific range. Can shif...)",-2.0562605303201162,0,1,1.5324720085432118,1,0,-1.0991592219302986,0,1,-0.12360588976275434,0,1,-0.8022627923462506,0,1,3.266916884045418,1,0,-0.4959201206998405,0,0.39595450994009895,1.491208508448409,128.25,1.4000000000000057,0.6666666666666666
serve,11756,S_256.jpeg,180.0,152.76,176.04,132.78,47.58,44.35,158.52,10,Low,"Trunk leaning excessively (Torso lean measured at 159°, outside the 15°–65° tennis-specific range. Can shif...)",0.8363800520569955,1,0,1.056385162585716,0,0,1.1798933225772874,1,0,0.3306768578407396,0,1,-0.5720013275576502,0,1,-0.18968636765585728,0,1,0.24295443236812045,0,1.016719385449616,1.1418747196890415,27.24000000000001,43.25999999999999,0.5
serve,11757,S_257.jpeg,175.21,129.14,171.98,137.47,55.68,30.69,172.41,40,Moderate,"Right elbow overly flexed (Angle dropped to 129° during contact, below the 140° comfort range. Sustained sh...); Trunk leaning excessively (Torso lean measured at 172°, outside the 15°–65° tennis-specific range. Can shif...)",0.7332790148549243,1,0,0.5234386554048608,0,1,1.0302901967777593,1,0,0.45462020200946474,0,1,-0.4124531783029313,0,1,-0.5698876754764501,0,1,0.8007244074830098,1,1.0128916637761591,0.9326207842854047,46.07000000000002,34.50999999999999,0.6666666666666666
serve,11758,S_258.jpeg,179.22,139.41,165.1,147.23,83.23,34.62,161.91,40,Moderate,"Right elbow overly flexed (Angle dropped to 139° during contact, below the 140° comfort range. Sustained sh...); Trunk leaning excessively (Torso lean measured at 162°, outside the 15°–65° tennis-specific range. Can shif...)",0.8195911566462197,1,0,0.7551643382476799,0,0,0.7767755402504808,1,0,0.7125492082113319,0,1,0.13020750218688423,0,1,-0.4605032582191347,0,1,0.3790840375257496,1,1.0789885611077665,0.9404978749241045,39.81,17.870000000000005,0.5
serve,11759,S_259.jpeg,161.01,64.7,147.96,123.79,129.45,11.28,169.08,40,Moderate,"Right elbow overly flexed (Angle dropped to 65° during contact, below the 140° comfort range. Sustained sha...); Trunk leaning excessively (Torso lean measured at 169°, outside the 15°–65° tennis-specific range. Can shif...)",0.4276350214792637,1,0,-0.9305441101639065,0,1,0.14519978256478966,0,1,0.09309675889045403,0,1,1.0406168180576378,0,1,-1.1101297973503672,1,0,0.6670041758679937,1,1.080894199785177,0.5184710313326388,96.30999999999999,24.17,0.6666666666666666
serve,11763,S_263.jpeg,158.26,72.5,103.7,108.18,146.19,46.21,158.0,40,Moderate,"Right elbow overly flexed (Angle dropped to 72° during contact, below the 140° comfort range. Sustained sha...); Trunk leaning excessively (Torso lean measured at 158°, outside the 15°–65° tennis-specific range. Can shif...)",0.3684434030438365,0,0,-0.7545499206630315,0,1,-1.485695377013315,0,1,-0.31943108811888515,0,1,1.3703496598507237,0,1,-0.13791664345773852,0,1,0.2220731949988081,0,1.511556829035339,0.6640410331562557,85.75999999999999,4.480000000000004,0.8333333333333334
serve,11764,S_264.jpeg,148.8,81.69,144.27,146.33,35.07,26.1,148.46,40,Moderate,"Right elbow overly flexed (Angle dropped to 82° during contact, below the 140° comfort range. Sustained sha...); Trunk leaning excessively (Torso lean measured at 148°, outside the 15°–65° tennis-specific range. Can shif...)",0.16482423562596749,0,0,-0.5471926640587955,0,1,0.009230439165711446,0,1,0.6887647711640292,0,1,-0.8184145802954937,0,1,-0.6976419948685819,1,0,-0.16101719827664512,0,1.024299580092242,0.5544695581347994,67.11000000000001,2.0600000000000023,0.6666666666666666
serve,11767,S_267.jpeg,168.74,153.05,139.35,31.87,31.73,109.39,120.15,35,Low,"Right knee deep bend (Knee angle reached 32°, well below the 80° threshold. Deep flexion under load ca...); Trunk leaning excessively (Torso lean measured at 120°, outside the 15°–65° tennis-specific range. Can shif...)",0.5940172798450284,1,0,1.0629285362979284,0,0,-0.17206201869972687,0,1,-2.3360870782074614,0,1,-0.8842035702350938,0,1,1.6205839881751352,0,1,-1.297839948132839,0,1.2022800142500891,4.6562214785518705,15.689999999999998,107.47999999999999,0.6666666666666666
serve,11768,S_268.jpeg,177.86,153.43,152.44,38.44,36.8,104.04,124.83,35,Low,"Right knee deep bend (Knee angle reached 38°, well below the 80° threshold. Deep flexion under load ca...); Trunk leaning excessively (Torso lean measured at 125°, outside the 15°–65° tennis-specific range. Can shif...)",0.7903182108017907,1,0,1.0715026121966889,0,0,0.31027909379185453,0,0,-2.162460687762147,0,1,-0.7843382471830662,0,1,1.4716764481429119,0,1,-1.109908811809032,0,1.1591501564129303,3.890212981744422,24.430000000000007,114.0,0.5
serve,11769,S_269.jpeg,175.76,35.73,117.57,93.1,177.99,39.42,163.18,60,Moderate,"Right elbow overly flexed (Angle dropped to 36° during contact, below the 140° comfort range. Sustained sha...); Left shoulder in vulnerable position (Shoulder angle measured at 178°, exceeding the 160° safe limit. Overhead positio...); Trunk leaning excessively (Torso lean measured at 163°, outside the 15°–65° tennis-specific range. Can shif...)",0.7451173385420093,1,0,-1.5842045806562595,0,0,-0.9746127772991647,0,1,-0.7179525444225905,0,1,1.9967238754433239,1,0,-0.3269039699659248,0,1,0.4300824441777234,1,1.4823311124230412,0.379702444208289,140.03,24.47,0.5
serve,11777,S_277.jpeg,169.78,113.01,152.23,135.64,102.86,28.36,174.21,40,Moderate,"Right elbow overly flexed (Angle dropped to 113° during contact, below the 140° comfort range. Sustained sh...); Trunk leaning excessively (Torso lean measured at 174°, outside the 15°–65° tennis-specific range. Can shif...)",0.6164024737260625,1,0,0.15949169686010298,0,1,0.30254100107808557,0,0,0.4062585133466143,0,1,0.5168655478498634,0,1,-0.6347389966493624,1,0,0.8730056137613977,1,1.108007570319128,0.8270638173302108,56.769999999999996,16.590000000000003,0.5
serve,11779,S_279.jpeg,175.71,21.8,136.38,105.58,171.15,28.03,161.12,60,Moderate,"Right elbow overly flexed (Angle dropped to 22° during contact, below the 140° comfort range. Sustained sha...); Left shoulder in vulnerable position (Shoulder angle measured at 171°, exceeding the 160° safe limit. Overhead positio...); Trunk leaning excessively (Torso lean measured at 161°, outside the 15°–65° tennis-specific range. Can shif...)",0.7440411272977292,1,0,-1.8985121524187194,1,0,-0.28150075850874107,0,1,-0.3881416840333173,0,1,1.8619943271837835,1,0,-0.6439239477167705,1,0,0.34736061921467987,1,1.279007133498326,0.20454118971664478,153.91,30.799999999999997,0.3333333333333333
serve,11780,S_280.jpeg,173.35,49.4,125.75,92.83,172.37,50.06,173.6,60,Moderate,"Right elbow overly flexed (Angle dropped to 49° during contact, below the 140° comfort range. Sustained sha...); Left shoulder in vulnerable position (Shoulder angle measured at 172°, exceeding the 160° safe limit. Overhead positio...); Trunk leaning excessively (Torso lean measured at 174°, outside the 15°–65° tennis-specific range. Can shif...)",0.6932439565676897,1,0,-1.2757634818771615,0,1,-0.6731956420676033,0,1,-0.7250878755367814,0,1,1.8860250360838768,1,0,-0.03075888100464314,0,1,0.8485103160781658,1,1.3676528599605522,0.5264840669295534,123.94999999999999,32.92,0.6666666666666666
serve,11785,S_285.jpeg,149.92,165.96,172.23,91.82,36.74,88.49,124.25,10,Low,"Trunk leaning excessively (Torso lean measured at 124°, outside the 15°–65° tennis-specific range. Can shif...)",0.18893136749785003,0,0,1.3542214832795048,1,0,1.0395022119131982,1,0,-0.7517792993343109,0,1,-0.7855200853256936,0,1,1.0388704205726174,0,1,-1.1331994227209568,0,0.8654390117185244,1.7879767291532,16.04000000000002,80.41,0.5
serve,11814,S_314.jpeg,166.31,167.92,144.8,21.32,24.21,113.57,107.42,35,Low,"Right knee deep bend (Knee angle reached 21°, well below the 80° threshold. Deep flexion under load ca...); Trunk leaning excessively (Torso lean measured at 107°, outside the 15°–65° tennis-specific range. Can shif...)",0.5417134133729963,1,0,1.3984456642310064,1,0,0.028759911252841976,0,1,-2.614893534706406,1,1,-1.0323272841110798,1,0,1.7369267016956385,0,1,-1.8090287014238795,0,1.1406721536351165,7.5232974910394255,1.6099999999999852,123.48000000000002,0.5
serve,11815,S_315.jpeg,166.98,147.09,157.17,42.87,36.38,96.19,122.07,35,Low,"Right knee deep bend (Knee angle reached 43°, well below the 80° threshold. Deep flexion under load ca...); Trunk leaning excessively (Torso lean measured at 122°, outside the 15°–65° tennis-specific range. Can shif...)",0.5561346440463546,1,0,0.928450924833157,0,0,0.4845704201543583,0,0,-2.0453884031848655,0,1,-0.7926111141814589,0,1,1.2531859454788081,0,1,-1.2207399947692263,0,1.0556995637605109,3.3528607248689313,19.889999999999986,114.29999999999998,0.5
serve,11817,S_317.jpeg,176.26,77.07,168.9,142.59,92.15,12.71,173.78,40,Moderate,"Right elbow overly flexed (Angle dropped to 77° during contact, below the 140° comfort range. Sustained sha...); Trunk leaning excessively (Torso lean measured at 174°, outside the 15°–65° tennis-specific range. Can shif...)",0.7558794509848143,1,0,-0.6514353763016215,0,1,0.9167981703091526,1,0,0.5899272216563461,0,1,0.30590743939084625,0,1,-1.0703283427249317,1,0,0.8557384367060049,1,1.0374337845791641,0.53673654154189,99.19,26.310000000000002,0.5
serve,11838,S_338.jpeg,155.72,98.03,170.86,14.68,37.54,10.62,171.99,65,Moderate,"Right elbow overly flexed (Angle dropped to 98° during contact, below the 140° comfort range. Sustained sha...); Right knee deep bend (Knee angle reached 15°, well below the 80° threshold. Deep flexion under load ca...); Trunk leaning excessively (Torso lean measured at 172°, outside the 15°–65° tennis-specific range. Can shif...)",0.3137718718343876,0,0,-0.17850740041209048,0,1,0.989020368970994,1,0,-2.7903698258109557,1,0,-0.7697622434239931,0,1,-1.1284996994851835,1,0,0.7838587926847199,1,0.9060863493541254,6.251913265306123,57.69,156.18,0.3333333333333333
serve,11839,S_339.jpeg,151.36,100.42,167.48,140.45,25.34,5.54,168.15,40,Moderate,"Right elbow overly flexed (Angle dropped to 100° during contact, below the 140° comfort range. Sustained sh...); Trunk leaning excessively (Torso lean measured at 168°, outside the 15°–65° tennis-specific range. Can shif...)",0.21992625133312882,0,0,-0.12458097568041208,0,1,0.864473924339859,1,0,0.5333731157883134,0,1,-1.0100693324249277,1,0,-1.2698922795531637,1,0,0.6296588859574932,1,0.8983855650522319,0.7099328384588195,50.94000000000001,27.03,0.3333333333333333
serve,11853,S_353.jpeg,179.45,25.35,144.59,123.99,144.72,49.6,167.31,40,Moderate,"Right elbow overly flexed (Angle dropped to 25° during contact, below the 140° comfort range. Sustained sha...); Trunk leaning excessively (Torso lean measured at 167°, outside the 15°–65° tennis-specific range. Can shif...)",0.8245417283699098,1,0,-1.818412232838193,1,0,0.021021818539073,0,1,0.09838218934541003,0,1,1.3413946253563487,0,1,-0.043562146128909095,0,1,0.5959276563609123,1,1.232570918332303,0.20281622529802387,154.1,20.60000000000001,0.6666666666666666
serve,11856,S_356.jpeg,152.89,81.17,100.78,104.43,170.19,98.91,159.61,60,Moderate,"Right elbow overly flexed (Angle dropped to 81° during contact, below the 140° comfort range. Sustained sha...); Left shoulder in vulnerable position (Shoulder angle measured at 170°, exceeding the 160° safe limit. Overhead positio...); Trunk leaning excessively (Torso lean measured at 160°, outside the 15°–65° tennis-specific range. Can shif...)",0.2528583154081114,0,0,-0.5589256100255204,0,1,-1.5932917137952416,0,1,-0.4185329091493158,0,1,1.8430849169017425,1,0,1.3288922088222936,0,1,0.2867247183922552,0,1.5021615248575357,0.7698947168737551,71.71999999999998,3.6500000000000057,0.6666666666666666
serve,11865,S_365.jpeg,145.18,77.66,96.53,96.17,161.57,84.99,173.86,60,Moderate,"Right elbow overly flexed (Angle dropped to 78° during contact, below the 140° comfort range. Sustained sha...); Left shoulder in vulnerable position (Shoulder angle measured at 162°, exceeding the 160° safe limit. Overhead positio...); Trunk leaning excessively (Torso lean measured at 174°, outside the 15°–65° tennis-specific range. Can shif...)",0.08690654154005963,0,0,-0.6381229953009143,0,1,-1.749895971097703,0,1,-0.6368211869390111,0,1,1.673294170410918,1,0,0.9414542728879852,0,1,0.8589509347628226,1,1.4885676202194198,0.7992178655963774,67.52000000000001,0.35999999999999943,0.6666666666666666
serve,11866,S_366.jpeg,169.31,85.87,108.57,99.9,142.67,65.28,169.72,40,Moderate,"Right elbow overly flexed (Angle dropped to 86° during contact, below the 140° comfort range. Sustained sha...); Trunk leaning excessively (Torso lean measured at 170°, outside the 15°–65° tennis-specific range. Can shif...)",0.6062860880298259,1,0,-0.45287782917242897,0,1,-1.3062453221749655,0,1,-0.538247908954076,0,1,1.3010151554832408,0,1,0.3928621954982428,0,1,0.6927041603225309,1,1.5452222323628733,0.8510406342913776,83.44,8.669999999999987,0.8333333333333334
serve,11869,S_369.jpeg,141.54,170.48,168.11,42.65,34.34,97.16,152.58,35,Low,"Right knee deep bend (Knee angle reached 43°, well below the 80° threshold. Deep flexion under load ca...); Trunk leaning excessively (Torso lean measured at 153°, outside the 15°–65° tennis-specific range. Can shif...)",0.008558362956439353,0,0,1.4562078597594987,1,0,0.887688202481166,1,0,-2.051202376685317,0,1,-0.8327936110307955,0,1,1.2801841349799776,0,1,0.004426451649441924,0,0.8369700195139257,3.9056128293241694,28.939999999999998,125.46000000000001,0.5
serve,11870,S_370.jpeg,131.82,175.6,177.8,11.31,43.14,67.83,148.11,65,Moderate,"Left elbow overly flexed (Angle dropped to 132° during contact, below the 140° comfort range. Sustained sh...); Right knee deep bend (Knee angle reached 11°, well below the 80° threshold. Deep flexion under load ca...); Trunk leaning excessively (Torso lean measured at 148°, outside the 15°–65° tennis-specific range. Can shif...)",-0.20065710293168865,0,1,1.5717322508164835,1,0,1.244745909130778,1,0,-2.8794293289769692,1,0,-0.6594573501120886,0,1,0.46383681738276045,0,1,-0.17507187727522022,0,0.7372483221476509,14.264825345247765,43.78,166.49,0.5
serve,11871,S_371.jpeg,157.62,118.93,171.02,141.47,71.71,19.15,171.62,40,Moderate,"Right elbow overly flexed (Angle dropped to 119° during contact, below the 140° comfort range. Sustained sh...); Trunk leaning excessively (Torso lean measured at 172°, outside the 15°–65° tennis-specific range. Can shif...)",0.3546678991170465,0,0,0.2930667740197415,0,1,0.9949160586576747,1,0,0.5603288111085908,0,1,-0.09670542119760506,0,1,-0.8910826309852087,1,0,0.76900098917194,1,0.9162888036274851,0.8347722327507546,38.69,29.55000000000001,0.5
serve,11873,S_373.jpeg,156.41,92.32,130.29,146.31,146.94,6.09,159.36,40,Moderate,"Right elbow overly flexed (Angle dropped to 92° during contact, below the 140° comfort range. Sustained sha...); Trunk leaning excessively (Torso lean measured at 159°, outside the 15°–65° tennis-specific range. Can shif...)",0.32862358700545835,0,0,-0.3073441724697825,0,1,-0.505905447208033,0,1,0.6882362281185334,0,1,1.385122636633568,0,1,-1.2545840277741502,1,0,0.2766856619647014,0,1.191332165435296,0.6267055868576471,64.09,16.02000000000001,0.6666666666666666
serve,11874,S_374.jpeg,153.43,55.59,103.25,117.16,149.96,18.43,159.09,40,Moderate,"Right elbow overly flexed (Angle dropped to 56° during contact, below the 140° comfort range. Sustained sha...); Trunk leaning excessively (Torso lean measured at 159°, outside the 15°–65° tennis-specific range. Can shif...)",0.26448139684634114,0,0,-1.1360962981578773,0,1,-1.5022770042571052,0,1,-0.08211526069134757,0,1,1.444608489812488,0,1,-0.9111225242231901,1,0,0.26584348102294286,0,1.4717505995203837,0.47046377792823296,97.84,13.909999999999997,0.6666666666666666
serve,11875,S_375.jpeg,142.01,41.34,115.15,124.88,138.19,36.27,142.9,40,Moderate,"Right elbow overly flexed (Angle dropped to 41° during contact, below the 140° comfort range. Sustained sha...); Trunk leaning excessively (Torso lean measured at 143°, outside the 15°–65° tennis-specific range. Can shif...)",0.01867474865267597,0,0,-1.457624144361399,0,0,-1.063785083810213,0,1,0.12190235486996558,0,1,1.2127712408337175,0,1,-0.4145785028820937,0,1,-0.38428581322544203,0,1.222643133878605,0.32840800762631084,100.66999999999999,9.72999999999999,0.6666666666666666
serve,11878,S_378.jpeg,79.22,173.4,170.48,170.75,45.81,77.47,126.2,40,Moderate,"Left elbow overly flexed (Angle dropped to 79° during contact, below the 140° comfort range. Sustained sha...); Trunk leaning excessively (Torso lean measured at 126°, outside the 15°–65° tennis-specific range. Can shif...)",-1.3328313319147682,0,1,1.5220928640341855,1,0,0.975018105965126,1,0,1.334115829714193,1,0,-0.6068655527651627,0,1,0.73214872129129,0,1,-1.0548947825860369,0,0.46197807324469325,1.0096069868995634,94.18,0.27000000000001023,0.5
serve,11879,S_379.jpeg,178.65,159.43,175.54,56.97,80.45,17.12,169.21,35,Low,"Right knee deep bend (Knee angle reached 57°, well below the 80° threshold. Deep flexion under load ca...); Trunk leaning excessively (Torso lean measured at 169°, outside the 15°–65° tennis-specific range. Can shif...)",0.8073223484614223,1,0,1.2068827579665928,0,0,1.1614692923064096,1,0,-1.672765556110446,0,1,0.0754490015784745,0,1,-0.9475839966422953,1,0,0.6722244852103214,1,1.0119519655602132,2.750215628773504,19.22,118.57,0.3333333333333333
serve,11893,S_393.jpeg,155.63,139.83,173.42,130.81,29.74,21.38,170.24,40,Moderate,"Right elbow overly flexed (Angle dropped to 140° during contact, below the 140° comfort range. Sustained sh...); Trunk leaning excessively (Torso lean measured at 170°, outside the 15°–65° tennis-specific range. Can shif...)",0.31183469159468263,0,0,0.7646409484515735,0,0,1.0833514039578873,1,0,0.27861536785942004,0,1,-0.9234012019655743,1,0,-0.8290146283175716,1,0,0.7135853976918431,1,0.8922715284944388,1.0608451559062286,15.799999999999983,42.609999999999985,0.16666666666666666
serve,11894,S_394.jpeg,148.39,117.99,170.6,145.77,89.24,17.5,168.0,40,Moderate,"Right elbow overly flexed (Angle dropped to 118° during contact, below the 140° comfort range. Sustained sh...); Trunk leaning excessively (Torso lean measured at 168°, outside the 15°–65° tennis-specific range. Can shif...)",0.1559993034228669,0,0,0.271857217849123,0,1,0.9794398732301368,1,0,0.6739655658901516,0,1,0.24858828947341002,0,1,-0.9370073863222494,1,0,0.6236354521009606,1,0.8647435897435897,0.8039108809702254,30.39999999999999,24.829999999999984,0.5
serve,11896,S_396.jpeg,154.09,91.35,123.81,135.49,154.11,0.73,163.9,40,Moderate,"Right elbow overly flexed (Angle dropped to 91° during contact, below the 140° comfort range. Sustained sha...); Trunk leaning excessively (Torso lean measured at 164°, outside the 15°–65° tennis-specific range. Can shif...)",0.2786873852708436,0,0,-0.3292306293692503,0,1,-0.7446808795186092,0,1,0.40229444050539764,0,1,1.5263522946775603,0,0,-1.4037698996569012,1,0,0.4589949266890783,1,1.2345965868119542,0.6692798007180012,62.74000000000001,11.680000000000007,0.5
serve,11897,S_397.jpeg,147.08,15.26,98.77,130.31,158.94,32.73,151.54,40,Moderate,"Right elbow overly flexed (Angle dropped to 15° during contact, below the 140° comfort range. Sustained sha...); Trunk leaning excessively (Torso lean measured at 152°, outside the 15°–65° tennis-specific range. Can shif...)",0.1278025688227185,0,0,-2.0460765113079145,1,0,-1.6673563154841706,0,1,0.2654017917220293,0,1,1.6214902651590775,0,0,-0.5131079779688361,0,1,-0.03733602308918276,0,1.4741906384684778,0.11621354047673445,131.82000000000002,31.540000000000006,0.5
serve,11898,S_398.jpeg,140.44,80.16,157.04,150.39,74.98,45.85,134.95,40,Moderate,"Right elbow overly flexed (Angle dropped to 80° during contact, below the 140° comfort range. Sustained sha...); Trunk leaning excessively (Torso lean measured at 135°, outside the 15°–65° tennis-specific range. Can shif...)",-0.015118284417731392,0,0,-0.581714601230121,0,1,0.4797801722839303,0,0,0.7960590093996414,0,0,-0.03229524242440353,0,1,-0.14793659007672924,0,1,-0.703527807621654,0,0.888635788407998,0.5294933615166127,60.28,6.650000000000006,0.5
serve,11901,S_401.jpeg,177.74,177.47,175.39,87.62,78.55,21.97,154.73,10,Low,"Trunk leaning excessively (Torso lean measured at 155°, outside the 15°–65° tennis-specific range. Can shif...)",0.7877353038155174,1,0,1.6139257295814369,1,0,1.155942083225146,1,0,-0.8627733388883929,0,1,0.0380241270619354,0,1,-0.8125930491364479,1,0,0.09076233692640381,0,1.007653495096094,2.0025953509365833,0.27000000000001023,87.76999999999998,0.3333333333333333
serve,11909,S_409.jpeg,166.1,160.27,151.87,50.19,25.41,112.48,137.98,35,Low,"Right knee deep bend (Knee angle reached 50°, well below the 80° threshold. Deep flexion under load ca...); Trunk leaning excessively (Torso lean measured at 138°, outside the 15°–65° tennis-specific range. Can shif...)",0.537193326147018,1,0,1.2258359783743793,1,0,0.2892756992830541,0,0,-1.8519416485334645,0,1,-1.0086905212585289,1,0,1.706588529988139,0,1,-0.5818544437197017,0,1.0865441224569896,3.1308849384645443,5.829999999999984,101.68,0.3333333333333333
serve,11910,S_410.jpeg,147.26,150.71,161.97,15.26,45.26,112.26,118.64,35,Low,"Right knee deep bend (Knee angle reached 15°, well below the 80° threshold. Deep flexion under load ca...); Trunk leaning excessively (Torso lean measured at 119°, outside the 15°–65° tennis-specific range. Can shif...)",0.13167692930212782,0,0,1.0101302794476659,0,0,0.6614411107547858,1,0,-2.775042077491582,1,0,-0.617699069072582,0,1,1.7004652292765337,0,1,-1.3584758489552644,0,0.9036018899183899,9.268757687576878,3.450000000000017,146.71,0.3333333333333333
serve,11926,S_426.jpeg,178.52,129.7,173.88,140.94,59.18,38.94,174.65,40,Moderate,"Right elbow overly flexed (Angle dropped to 130° during contact, below the 140° comfort range. Sustained sh...); Trunk leaning excessively (Torso lean measured at 175°, outside the 15°–65° tennis-specific range. Can shif...)",0.804524199226293,1,0,0.5360741356767186,0,1,1.1003015118070953,1,0,0.5463224204029565,0,1,-0.34351261998299104,0,1,-0.3402638987912459,0,1,0.8906743530738923,1,1.020814272644099,0.9137663801606312,48.82000000000002,32.94,0.6666666666666666
serve,11927,S_427.jpeg,161.39,123.48,166.79,141.91,104.26,40.6,170.88,40,Moderate,"Right elbow overly flexed (Angle dropped to 123° during contact, below the 140° comfort range. Sustained sh...); Trunk leaning excessively (Torso lean measured at 171°, outside the 15°–65° tennis-specific range. Can shif...)",0.4358142269357953,1,0,0.39573005122858523,0,1,0.8390487625660478,1,0,0.5719567581094945,0,1,0.5444417711778395,0,1,-0.2940608116036774,0,1,0.7392853821463804,1,0.9618570832588355,0.8640403050871178,37.90999999999998,24.879999999999995,0.6666666666666666
serve,11937,S_437.jpeg,155.22,178.97,173.09,93.58,52.89,48.23,134.01,10,Low,"Trunk leaning excessively (Torso lean measured at 134°, outside the 15°–65° tennis-specific range. Can shif...)",0.30300975939158264,0,0,1.647770766023913,1,0,1.0711915439791087,1,0,-0.7052675113306953,0,1,-0.4674086519351122,0,1,-0.08169360965117951,0,1,-0.7412746597892562,0,0.8916077890746166,1.8922605201945444,23.75,79.51,0.5
serve,11938,S_438.jpeg,178.78,165.65,178.23,42.38,90.78,35.95,168.95,35,Low,"Right knee deep bend (Knee angle reached 42°, well below the 80° threshold. Deep flexion under load ca...); Trunk leaning excessively (Torso lean measured at 169°, outside the 15°–65° tennis-specific range. Can shif...)",0.8101204976965515,1,0,1.3472268424147265,1,0,1.260590575163732,1,0,-2.0583377077995078,0,1,0.27892213513418385,0,1,-0.4234851220989743,0,1,0.6617838665256647,1,0.9974892596105563,3.8185799907791607,13.129999999999995,135.85,0.5
serve,11939,S_439.jpeg,177.99,179.49,175.17,167.3,58.73,41.42,170.34,10,Low,"Trunk leaning excessively (Torso lean measured at 170°, outside the 15°–65° tennis-specific range. Can shif...)",0.7931163600369198,1,0,1.6595037119906382,1,0,1.1478355099059598,1,0,1.2429421543661971,1,0,-0.3523764060526977,0,1,-0.27123759986042073,0,1,0.7176010202628645,1,1.0103309303513652,1.066488413547237,1.5,7.869999999999976,0.3333333333333333
serve,11943,S_443.jpeg,176.36,161.59,171.77,130.45,42.94,62.98,152.46,10,Low,"Trunk leaning excessively (Torso lean measured at 152°, outside the 15°–65° tennis-specific range. Can shif...)",0.7580318734733758,1,0,1.255619610443758,1,0,1.0225521040639916,1,0,0.26910159304049835,0,1,-0.6633968105875139,0,1,0.328845869876913,0,1,-0.0003922954357840889,0,1.02077907044047,1.2292887029288704,14.77000000000001,41.32000000000002,0.5
serve,11944,S_444.jpeg,173.94,158.97,163.76,130.24,34.23,54.04,150.78,10,Low,"Trunk leaning excessively (Torso lean measured at 151°, outside the 15°–65° tennis-specific range. Can shif...)",0.7059432492501996,1,0,1.1965036134575666,0,0,0.7273991391245281,1,0,0.26355189106279475,0,1,-0.8349603142922795,0,1,0.08001719550530988,0,1,-0.067854754628946,0,1.0557174071376547,1.2112922889362998,14.969999999999999,33.51999999999998,0.5
serve,11954,S_454.jpeg,166.53,79.33,162.13,140.53,97.61,0.51,160.2,40,Moderate,"Right elbow overly flexed (Angle dropped to 79° during contact, below the 140° comfort range. Sustained sha...); Trunk leaning excessively (Torso lean measured at 160°, outside the 15°–65° tennis-specific range. Can shif...)",0.5464487428478304,1,0,-0.6004421880616243,0,1,0.6673368004414666,1,0,0.5354872879702962,0,1,0.41345471036995296,0,1,-1.4098932003685065,1,0,0.3104168915612812,1,1.0208422730337767,0.5605172048328976,87.2,21.599999999999994,0.5
serve,11960,S_460.jpeg,180.0,68.98,130.14,137.19,102.99,34.16,149.98,40,Moderate,"Right elbow overly flexed (Angle dropped to 69° during contact, below the 140° comfort range. Sustained sha...); Trunk leaning excessively (Torso lean measured at 150°, outside the 15°–65° tennis-specific range. Can shif...)",0.8363800520569955,1,0,-0.8339729395147084,0,1,-0.5114326562892966,0,1,0.4472205993725259,0,1,0.5194261971588896,0,1,-0.4733065233434007,0,1,-0.09997973519711865,0,1.3725789232880892,0.4991678124321587,111.02,7.050000000000011,0.8333333333333334
serve,11964,S_464.jpeg,168.03,171.33,145.33,14.55,14.76,95.47,98.28,35,Low,"Right knee deep bend (Knee angle reached 15°, well below the 80° threshold. Deep flexion under load ca...); Trunk leaning excessively (Torso lean measured at 98°, outside the 15°–65° tennis-specific range. Can shift...)",0.5787350801762452,1,0,1.475386713743569,1,0,0.04828938333997251,0,1,-2.7938053556066773,1,0,-1.2184667915749186,1,0,1.2331460522408266,0,1,-2.1760566044152467,0,1.1482949497710653,11.018006430868168,3.3000000000000114,130.78,0.3333333333333333
serve,11965,S_465.jpeg,175.24,173.7,153.1,46.25,34.19,115.71,112.82,35,Low,"Right knee deep bend (Knee angle reached 46°, well below the 80° threshold. Deep flexion under load ca...); Trunk leaning excessively (Torso lean measured at 113°, outside the 15°–65° tennis-specific range. Can shif...)",0.7339247416014927,1,0,1.5288618713226805,1,0,0.33459881374941314,0,0,-1.9560646284961036,0,1,-0.8357482063873645,0,1,1.7964897177085275,0,1,-1.5921850825887174,0,1.137183646982479,3.676190476190476,1.5400000000000205,106.85,0.5
serve,11966,S_466.jpeg,179.72,169.94,162.71,120.08,31.28,102.32,117.17,10,Low,"Trunk leaning excessively (Torso lean measured at 117°, outside the 15°–65° tennis-specific range. Can shif...)",0.8303532690890246,1,0,1.4440236466402074,1,0,0.6887086755556853,1,0,-0.004947976048985545,0,1,-0.8930673563048005,0,1,1.423803369852178,0,1,-1.4175055007492807,0,1.0977948811923524,1.4035348529897589,9.780000000000001,42.63000000000001,0.5
serve,11967,S_467.jpeg,154.01,151.24,171.09,168.49,26.17,71.69,123.43,10,Low,"Trunk leaning excessively (Torso lean measured at 123°, outside the 15°–65° tennis-specific range. Can shif...)",0.2769654472799945,0,0,1.022088858990674,0,0,0.9974954228955973,1,0,1.2743904655731872,1,0,-0.9937205714519133,1,0,0.5712729116863833,0,1,-1.166127527803333,0,0.8949386948689638,0.8923240309162782,2.769999999999982,2.5999999999999943,0.16666666666666666
serve,11996,S_496.jpeg,156.37,70.7,145.05,124.7,49.13,16.51,162.19,40,Moderate,"Right elbow overly flexed (Angle dropped to 71° during contact, below the 140° comfort range. Sustained sha...); Trunk leaning excessively (Torso lean measured at 162°, outside the 15°–65° tennis-specific range. Can shif...)",0.32776261801003415,0,0,-0.7951639643940026,0,1,0.03797192638828088,0,1,0.11714546746050511,0,1,-0.5414705088731051,0,1,-0.9645622395244741,1,0,0.39032778072460994,1,1.070660732625813,0.5624502784407319,85.67,20.35000000000001,0.6666666666666666
